-- phpMyAdmin SQL Dump
-- version 4.6.5.2
-- https://www.phpmyadmin.net/
--
-- Host: 127.0.0.1
-- Generation Time: Jun 06, 2017 at 08:59 AM
-- Server version: 10.1.21-MariaDB
-- PHP Version: 5.6.30

SET SQL_MODE = "NO_AUTO_VALUE_ON_ZERO";
SET time_zone = "+00:00";


/*!40101 SET @OLD_CHARACTER_SET_CLIENT=@@CHARACTER_SET_CLIENT */;
/*!40101 SET @OLD_CHARACTER_SET_RESULTS=@@CHARACTER_SET_RESULTS */;
/*!40101 SET @OLD_COLLATION_CONNECTION=@@COLLATION_CONNECTION */;
/*!40101 SET NAMES utf8mb4 */;

--
-- Database: `procurement_vx`
--

-- --------------------------------------------------------

--
-- Table structure for table `ci_sessions`
--

CREATE TABLE `ci_sessions` (
  `id` varchar(128) NOT NULL,
  `ip_address` varchar(45) NOT NULL,
  `timestamp` int(10) UNSIGNED NOT NULL DEFAULT '0',
  `data` blob NOT NULL
) ENGINE=InnoDB DEFAULT CHARSET=latin1;

--
-- Dumping data for table `ci_sessions`
--

INSERT INTO `ci_sessions` (`id`, `ip_address`, `timestamp`, `data`) VALUES
('pj5jkghhf6amfgdhef1n0ps3gc1jcdm2', '::1', 1496732319, 0x5f5f63695f6c6173745f726567656e65726174657c693a313439363733323238373b636f6e74726f6c6c65727c733a373a2273797374656d73223b66756e6374696f6e7c733a31363a226d616e6167655f7375625f6d656e7573223b617574687c623a303b6c6f675f646174617c613a313a7b693a303b613a393a7b733a323a226964223b733a313a2231223b733a373a22757365725f6964223b733a353a2261646d696e223b733a393a22757365725f6e616d65223b733a353a2241646d696e223b733a383a2270617373776f7264223b733a33323a223031393230323361376262643733323530353136663036396466313862353030223b733a353a22656d61696c223b733a31383a2261646d696e407472796f6e6963732e636f6d223b733a31303a2273757065727669736f72223b733a353a2261646d696e223b733a363a22737461747573223b733a313a2231223b733a31303a22657369676e6174757265223b733a303a22223b733a31333a226f726967696e616c5f6e616d65223b733a303a22223b7d7d757365725f6c6f677c623a313b64657369676e6174696f6e737c613a323a7b693a303b613a323a7b733a31343a2264657369676e6174696f6e5f6964223b733a313a2231223b733a31303a2269735f7072696d617279223b733a313a2231223b7d693a313b613a323a7b733a31343a2264657369676e6174696f6e5f6964223b733a313a2232223b733a31303a2269735f7072696d617279223b733a313a2230223b7d7d636f737463656e747265737c613a343a7b693a303b613a323a7b733a31353a22636f737463656e7472655f636f6465223b733a333a22434331223b733a31303a2269735f7072696d617279223b733a313a2231223b7d693a313b613a323a7b733a31353a22636f737463656e7472655f636f6465223b733a333a22434332223b733a31303a2269735f7072696d617279223b733a313a2230223b7d693a323b613a323a7b733a31353a22636f737463656e7472655f636f6465223b733a333a22434333223b733a31303a2269735f7072696d617279223b733a313a2230223b7d693a333b613a323a7b733a31353a22636f737463656e7472655f636f6465223b733a333a22434334223b733a31303a2269735f7072696d617279223b733a313a2230223b7d7d726f6c65737c613a323a7b693a303b613a313a7b733a373a22726f6c655f6964223b733a313a2231223b7d693a313b613a313a7b733a373a22726f6c655f6964223b733a313a2232223b7d7d7065726d697373696f6e7c613a32353a7b693a303b613a31323a7b733a393a227269676874735f6964223b733a313a2232223b733a373a22726f6c655f6964223b733a313a2231223b733a31303a227375626d656e755f6964223b733a313a2232223b733a373a226d656e755f6964223b733a313a2231223b733a393a226d656e755f6e616d65223b733a363a2253797374656d223b733a393a226d656e755f70617468223b733a373a2273797374656d73223b733a31303a226d656e755f6f72646572223b733a313a2231223b733a393a226d656e755f69636f6e223b733a32333a226d656e752d69636f6e2066612066612d6465736b746f70223b733a31323a227375626d656e755f6e616d65223b733a31323a224d616e616765204d656e7573223b733a31323a227375626d656e755f70617468223b733a32303a2273797374656d732f6d616e6167655f6d656e7573223b733a31333a227375626d656e755f6f72646572223b733a313a2231223b733a31333a227375625f6d656e755f69636f6e223b733a303a22223b7d693a313b613a31323a7b733a393a227269676874735f6964223b733a323a223135223b733a373a22726f6c655f6964223b733a313a2232223b733a31303a227375626d656e755f6964223b733a313a2232223b733a373a226d656e755f6964223b733a313a2231223b733a393a226d656e755f6e616d65223b733a363a2253797374656d223b733a393a226d656e755f70617468223b733a373a2273797374656d73223b733a31303a226d656e755f6f72646572223b733a313a2231223b733a393a226d656e755f69636f6e223b733a32333a226d656e752d69636f6e2066612066612d6465736b746f70223b733a31323a227375626d656e755f6e616d65223b733a31323a224d616e616765204d656e7573223b733a31323a227375626d656e755f70617468223b733a32303a2273797374656d732f6d616e6167655f6d656e7573223b733a31333a227375626d656e755f6f72646572223b733a313a2231223b733a31333a227375625f6d656e755f69636f6e223b733a303a22223b7d693a323b613a31323a7b733a393a227269676874735f6964223b733a313a2233223b733a373a22726f6c655f6964223b733a313a2231223b733a31303a227375626d656e755f6964223b733a313a2233223b733a373a226d656e755f6964223b733a313a2231223b733a393a226d656e755f6e616d65223b733a363a2253797374656d223b733a393a226d656e755f70617468223b733a373a2273797374656d73223b733a31303a226d656e755f6f72646572223b733a313a2231223b733a393a226d656e755f69636f6e223b733a32333a226d656e752d69636f6e2066612066612d6465736b746f70223b733a31323a227375626d656e755f6e616d65223b733a31363a224d616e61676520537562204d656e7573223b733a31323a227375626d656e755f70617468223b733a32343a2273797374656d732f6d616e6167655f7375625f6d656e7573223b733a31333a227375626d656e755f6f72646572223b733a313a2233223b733a31333a227375625f6d656e755f69636f6e223b733a303a22223b7d693a333b613a31323a7b733a393a227269676874735f6964223b733a323a223137223b733a373a22726f6c655f6964223b733a313a2232223b733a31303a227375626d656e755f6964223b733a313a2233223b733a373a226d656e755f6964223b733a313a2231223b733a393a226d656e755f6e616d65223b733a363a2253797374656d223b733a393a226d656e755f70617468223b733a373a2273797374656d73223b733a31303a226d656e755f6f72646572223b733a313a2231223b733a393a226d656e755f69636f6e223b733a32333a226d656e752d69636f6e2066612066612d6465736b746f70223b733a31323a227375626d656e755f6e616d65223b733a31363a224d616e61676520537562204d656e7573223b733a31323a227375626d656e755f70617468223b733a32343a2273797374656d732f6d616e6167655f7375625f6d656e7573223b733a31333a227375626d656e755f6f72646572223b733a313a2233223b733a31333a227375625f6d656e755f69636f6e223b733a303a22223b7d693a343b613a31323a7b733a393a227269676874735f6964223b733a323a223133223b733a373a22726f6c655f6964223b733a313a2232223b733a31303a227375626d656e755f6964223b733a313a2234223b733a373a226d656e755f6964223b733a313a2231223b733a393a226d656e755f6e616d65223b733a363a2253797374656d223b733a393a226d656e755f70617468223b733a373a2273797374656d73223b733a31303a226d656e755f6f72646572223b733a313a2231223b733a393a226d656e755f69636f6e223b733a32333a226d656e752d69636f6e2066612066612d6465736b746f70223b733a31323a227375626d656e755f6e616d65223b733a31373a224d616e616765205573657220526f6c6573223b733a31323a227375626d656e755f70617468223b733a32353a2273797374656d732f6d616e6167655f757365725f726f6c6573223b733a31333a227375626d656e755f6f72646572223b733a313a2235223b733a31333a227375625f6d656e755f69636f6e223b733a303a22223b7d693a353b613a31323a7b733a393a227269676874735f6964223b733a313a2234223b733a373a22726f6c655f6964223b733a313a2231223b733a31303a227375626d656e755f6964223b733a313a2234223b733a373a226d656e755f6964223b733a313a2231223b733a393a226d656e755f6e616d65223b733a363a2253797374656d223b733a393a226d656e755f70617468223b733a373a2273797374656d73223b733a31303a226d656e755f6f72646572223b733a313a2231223b733a393a226d656e755f69636f6e223b733a32333a226d656e752d69636f6e2066612066612d6465736b746f70223b733a31323a227375626d656e755f6e616d65223b733a31373a224d616e616765205573657220526f6c6573223b733a31323a227375626d656e755f70617468223b733a32353a2273797374656d732f6d616e6167655f757365725f726f6c6573223b733a31333a227375626d656e755f6f72646572223b733a313a2235223b733a31333a227375625f6d656e755f69636f6e223b733a303a22223b7d693a363b613a31323a7b733a393a227269676874735f6964223b733a323a223130223b733a373a22726f6c655f6964223b733a313a2231223b733a31303a227375626d656e755f6964223b733a313a2231223b733a373a226d656e755f6964223b733a313a2231223b733a393a226d656e755f6e616d65223b733a363a2253797374656d223b733a393a226d656e755f70617468223b733a373a2273797374656d73223b733a31303a226d656e755f6f72646572223b733a313a2231223b733a393a226d656e755f69636f6e223b733a32333a226d656e752d69636f6e2066612066612d6465736b746f70223b733a31323a227375626d656e755f6e616d65223b733a31383a224d616e616765205573657220526967687473223b733a31323a227375626d656e755f70617468223b733a32363a2273797374656d732f6d616e6167655f757365725f726967687473223b733a31333a227375626d656e755f6f72646572223b733a313a2237223b733a31333a227375625f6d656e755f69636f6e223b733a303a22223b7d693a373b613a31323a7b733a393a227269676874735f6964223b733a323a223132223b733a373a22726f6c655f6964223b733a313a2232223b733a31303a227375626d656e755f6964223b733a313a2231223b733a373a226d656e755f6964223b733a313a2231223b733a393a226d656e755f6e616d65223b733a363a2253797374656d223b733a393a226d656e755f70617468223b733a373a2273797374656d73223b733a31303a226d656e755f6f72646572223b733a313a2231223b733a393a226d656e755f69636f6e223b733a32333a226d656e752d69636f6e2066612066612d6465736b746f70223b733a31323a227375626d656e755f6e616d65223b733a31383a224d616e616765205573657220526967687473223b733a31323a227375626d656e755f70617468223b733a32363a2273797374656d732f6d616e6167655f757365725f726967687473223b733a31333a227375626d656e755f6f72646572223b733a313a2237223b733a31333a227375625f6d656e755f69636f6e223b733a303a22223b7d693a383b613a31323a7b733a393a227269676874735f6964223b733a323a223336223b733a373a22726f6c655f6964223b733a313a2231223b733a31303a227375626d656e755f6964223b733a323a223134223b733a373a226d656e755f6964223b733a313a2231223b733a393a226d656e755f6e616d65223b733a363a2253797374656d223b733a393a226d656e755f70617468223b733a373a2273797374656d73223b733a31303a226d656e755f6f72646572223b733a313a2231223b733a393a226d656e755f69636f6e223b733a32333a226d656e752d69636f6e2066612066612d6465736b746f70223b733a31323a227375626d656e755f6e616d65223b733a31343a2253797374656d204d6f64756c6573223b733a31323a227375626d656e755f70617468223b733a32313a2273797374656d732f6d616e6167655f6d6f64756c65223b733a31333a227375626d656e755f6f72646572223b733a313a2238223b733a31333a227375625f6d656e755f69636f6e223b733a313a222d223b7d693a393b613a31323a7b733a393a227269676874735f6964223b733a323a223337223b733a373a22726f6c655f6964223b733a313a2232223b733a31303a227375626d656e755f6964223b733a323a223134223b733a373a226d656e755f6964223b733a313a2231223b733a393a226d656e755f6e616d65223b733a363a2253797374656d223b733a393a226d656e755f70617468223b733a373a2273797374656d73223b733a31303a226d656e755f6f72646572223b733a313a2231223b733a393a226d656e755f69636f6e223b733a32333a226d656e752d69636f6e2066612066612d6465736b746f70223b733a31323a227375626d656e755f6e616d65223b733a31343a2253797374656d204d6f64756c6573223b733a31323a227375626d656e755f70617468223b733a32313a2273797374656d732f6d616e6167655f6d6f64756c65223b733a31333a227375626d656e755f6f72646572223b733a313a2238223b733a31333a227375625f6d656e755f69636f6e223b733a313a222d223b7d693a31303b613a31323a7b733a393a227269676874735f6964223b733a313a2235223b733a373a22726f6c655f6964223b733a313a2231223b733a31303a227375626d656e755f6964223b733a313a2235223b733a373a226d656e755f6964223b733a313a2231223b733a393a226d656e755f6e616d65223b733a363a2253797374656d223b733a393a226d656e755f70617468223b733a373a2273797374656d73223b733a31303a226d656e755f6f72646572223b733a313a2231223b733a393a226d656e755f69636f6e223b733a32333a226d656e752d69636f6e2066612066612d6465736b746f70223b733a31323a227375626d656e755f6e616d65223b733a31383a22537562204d656e752046756e6374696f6e73223b733a31323a227375626d656e755f70617468223b733a33333a2273797374656d732f6d616e6167655f7375625f6d656e755f66756e6374696f6e73223b733a31333a227375626d656e755f6f72646572223b733a313a2239223b733a31333a227375625f6d656e755f69636f6e223b733a303a22223b7d693a31313b613a31323a7b733a393a227269676874735f6964223b733a323a223136223b733a373a22726f6c655f6964223b733a313a2232223b733a31303a227375626d656e755f6964223b733a313a2235223b733a373a226d656e755f6964223b733a313a2231223b733a393a226d656e755f6e616d65223b733a363a2253797374656d223b733a393a226d656e755f70617468223b733a373a2273797374656d73223b733a31303a226d656e755f6f72646572223b733a313a2231223b733a393a226d656e755f69636f6e223b733a32333a226d656e752d69636f6e2066612066612d6465736b746f70223b733a31323a227375626d656e755f6e616d65223b733a31383a22537562204d656e752046756e6374696f6e73223b733a31323a227375626d656e755f70617468223b733a33333a2273797374656d732f6d616e6167655f7375625f6d656e755f66756e6374696f6e73223b733a31333a227375626d656e755f6f72646572223b733a313a2239223b733a31333a227375625f6d656e755f69636f6e223b733a303a22223b7d693a31323b613a31323a7b733a393a227269676874735f6964223b733a323a223134223b733a373a22726f6c655f6964223b733a313a2232223b733a31303a227375626d656e755f6964223b733a313a2239223b733a373a226d656e755f6964223b733a313a2231223b733a393a226d656e755f6e616d65223b733a363a2253797374656d223b733a393a226d656e755f70617468223b733a373a2273797374656d73223b733a31303a226d656e755f6f72646572223b733a313a2231223b733a393a226d656e755f69636f6e223b733a32333a226d656e752d69636f6e2066612066612d6465736b746f70223b733a31323a227375626d656e755f6e616d65223b733a32343a224d616e6167652046756e6374696f6e616c20526967687473223b733a31323a227375626d656e755f70617468223b733a33323a2273797374656d732f6d616e6167655f66756e6374696f6e616c5f726967687473223b733a31333a227375626d656e755f6f72646572223b733a323a223131223b733a31333a227375625f6d656e755f69636f6e223b733a333a226e6f6e223b7d693a31333b613a31323a7b733a393a227269676874735f6964223b733a323a223131223b733a373a22726f6c655f6964223b733a313a2231223b733a31303a227375626d656e755f6964223b733a313a2239223b733a373a226d656e755f6964223b733a313a2231223b733a393a226d656e755f6e616d65223b733a363a2253797374656d223b733a393a226d656e755f70617468223b733a373a2273797374656d73223b733a31303a226d656e755f6f72646572223b733a313a2231223b733a393a226d656e755f69636f6e223b733a32333a226d656e752d69636f6e2066612066612d6465736b746f70223b733a31323a227375626d656e755f6e616d65223b733a32343a224d616e6167652046756e6374696f6e616c20526967687473223b733a31323a227375626d656e755f70617468223b733a33323a2273797374656d732f6d616e6167655f66756e6374696f6e616c5f726967687473223b733a31333a227375626d656e755f6f72646572223b733a323a223131223b733a31333a227375625f6d656e755f69636f6e223b733a333a226e6f6e223b7d693a31343b613a31323a7b733a393a227269676874735f6964223b733a323a223239223b733a373a22726f6c655f6964223b733a313a2231223b733a31303a227375626d656e755f6964223b733a323a223131223b733a373a226d656e755f6964223b733a313a2235223b733a393a226d656e755f6e616d65223b733a31303a22506572616d6574657273223b733a393a226d656e755f70617468223b733a31303a22706572616d6574657273223b733a31303a226d656e755f6f72646572223b733a313a2233223b733a393a226d656e755f69636f6e223b733a31393a226d656e752d69636f6e2066612066612d746167223b733a31323a227375626d656e755f6e616d65223b733a31393a224d616e61676520436f73742043656e74726573223b733a31323a227375626d656e755f70617468223b733a33303a22706572616d65746572732f6d616e6167655f636f73745f63656e74657273223b733a31333a227375626d656e755f6f72646572223b733a313a2231223b733a31333a227375625f6d656e755f69636f6e223b733a313a222d223b7d693a31353b613a31323a7b733a393a227269676874735f6964223b733a323a223333223b733a373a22726f6c655f6964223b733a313a2232223b733a31303a227375626d656e755f6964223b733a323a223131223b733a373a226d656e755f6964223b733a313a2235223b733a393a226d656e755f6e616d65223b733a31303a22506572616d6574657273223b733a393a226d656e755f70617468223b733a31303a22706572616d6574657273223b733a31303a226d656e755f6f72646572223b733a313a2233223b733a393a226d656e755f69636f6e223b733a31393a226d656e752d69636f6e2066612066612d746167223b733a31323a227375626d656e755f6e616d65223b733a31393a224d616e61676520436f73742043656e74726573223b733a31323a227375626d656e755f70617468223b733a33303a22706572616d65746572732f6d616e6167655f636f73745f63656e74657273223b733a31333a227375626d656e755f6f72646572223b733a313a2231223b733a31333a227375625f6d656e755f69636f6e223b733a313a222d223b7d693a31363b613a31323a7b733a393a227269676874735f6964223b733a323a223330223b733a373a22726f6c655f6964223b733a313a2231223b733a31303a227375626d656e755f6964223b733a323a223132223b733a373a226d656e755f6964223b733a313a2235223b733a393a226d656e755f6e616d65223b733a31303a22506572616d6574657273223b733a393a226d656e755f70617468223b733a31303a22706572616d6574657273223b733a31303a226d656e755f6f72646572223b733a313a2233223b733a393a226d656e755f69636f6e223b733a31393a226d656e752d69636f6e2066612066612d746167223b733a31323a227375626d656e755f6e616d65223b733a31393a224d616e6167652064657369676e6174696f6e73223b733a31323a227375626d656e755f70617468223b733a33303a22706572616d65746572732f6d616e6167655f64657369676e6174696f6e73223b733a31333a227375626d656e755f6f72646572223b733a313a2233223b733a31333a227375625f6d656e755f69636f6e223b733a313a222d223b7d693a31373b613a31323a7b733a393a227269676874735f6964223b733a323a223334223b733a373a22726f6c655f6964223b733a313a2232223b733a31303a227375626d656e755f6964223b733a323a223132223b733a373a226d656e755f6964223b733a313a2235223b733a393a226d656e755f6e616d65223b733a31303a22506572616d6574657273223b733a393a226d656e755f70617468223b733a31303a22706572616d6574657273223b733a31303a226d656e755f6f72646572223b733a313a2233223b733a393a226d656e755f69636f6e223b733a31393a226d656e752d69636f6e2066612066612d746167223b733a31323a227375626d656e755f6e616d65223b733a31393a224d616e6167652064657369676e6174696f6e73223b733a31323a227375626d656e755f70617468223b733a33303a22706572616d65746572732f6d616e6167655f64657369676e6174696f6e73223b733a31333a227375626d656e755f6f72646572223b733a313a2233223b733a31333a227375625f6d656e755f69636f6e223b733a313a222d223b7d693a31383b613a31323a7b733a393a227269676874735f6964223b733a323a223331223b733a373a22726f6c655f6964223b733a313a2231223b733a31303a227375626d656e755f6964223b733a323a223133223b733a373a226d656e755f6964223b733a313a2235223b733a393a226d656e755f6e616d65223b733a31303a22506572616d6574657273223b733a393a226d656e755f70617468223b733a31303a22706572616d6574657273223b733a31303a226d656e755f6f72646572223b733a313a2233223b733a393a226d656e755f69636f6e223b733a31393a226d656e752d69636f6e2066612066612d746167223b733a31323a227375626d656e755f6e616d65223b733a31383a224d616e616765204465706172746d656e7473223b733a31323a227375626d656e755f70617468223b733a32393a22706572616d65746572732f6d616e6167655f6465706172746d656e7473223b733a31333a227375626d656e755f6f72646572223b733a313a2235223b733a31333a227375625f6d656e755f69636f6e223b733a313a222d223b7d693a31393b613a31323a7b733a393a227269676874735f6964223b733a323a223335223b733a373a22726f6c655f6964223b733a313a2232223b733a31303a227375626d656e755f6964223b733a323a223133223b733a373a226d656e755f6964223b733a313a2235223b733a393a226d656e755f6e616d65223b733a31303a22506572616d6574657273223b733a393a226d656e755f70617468223b733a31303a22706572616d6574657273223b733a31303a226d656e755f6f72646572223b733a313a2233223b733a393a226d656e755f69636f6e223b733a31393a226d656e752d69636f6e2066612066612d746167223b733a31323a227375626d656e755f6e616d65223b733a31383a224d616e616765204465706172746d656e7473223b733a31323a227375626d656e755f70617468223b733a32393a22706572616d65746572732f6d616e6167655f6465706172746d656e7473223b733a31333a227375626d656e755f6f72646572223b733a313a2235223b733a31333a227375625f6d656e755f69636f6e223b733a313a222d223b7d693a32303b613a31323a7b733a393a227269676874735f6964223b733a323a223238223b733a373a22726f6c655f6964223b733a313a2231223b733a31303a227375626d656e755f6964223b733a323a223130223b733a373a226d656e755f6964223b733a313a2235223b733a393a226d656e755f6e616d65223b733a31303a22506572616d6574657273223b733a393a226d656e755f70617468223b733a31303a22706572616d6574657273223b733a31303a226d656e755f6f72646572223b733a313a2233223b733a393a226d656e755f69636f6e223b733a31393a226d656e752d69636f6e2066612066612d746167223b733a31323a227375626d656e755f6e616d65223b733a31323a224d616e616765205573657273223b733a31323a227375626d656e755f70617468223b733a32333a22506572616d65746572732f6d616e6167655f7573657273223b733a31333a227375626d656e755f6f72646572223b733a313a2237223b733a31333a227375625f6d656e755f69636f6e223b733a313a222d223b7d693a32313b613a31323a7b733a393a227269676874735f6964223b733a323a223332223b733a373a22726f6c655f6964223b733a313a2232223b733a31303a227375626d656e755f6964223b733a323a223130223b733a373a226d656e755f6964223b733a313a2235223b733a393a226d656e755f6e616d65223b733a31303a22506572616d6574657273223b733a393a226d656e755f70617468223b733a31303a22706572616d6574657273223b733a31303a226d656e755f6f72646572223b733a313a2233223b733a393a226d656e755f69636f6e223b733a31393a226d656e752d69636f6e2066612066612d746167223b733a31323a227375626d656e755f6e616d65223b733a31323a224d616e616765205573657273223b733a31323a227375626d656e755f70617468223b733a32333a22506572616d65746572732f6d616e6167655f7573657273223b733a31333a227375626d656e755f6f72646572223b733a313a2237223b733a31333a227375625f6d656e755f69636f6e223b733a313a222d223b7d693a32323b613a31323a7b733a393a227269676874735f6964223b733a323a223338223b733a373a22726f6c655f6964223b733a313a2231223b733a31303a227375626d656e755f6964223b733a323a223135223b733a373a226d656e755f6964223b733a313a2235223b733a393a226d656e755f6e616d65223b733a31303a22506572616d6574657273223b733a393a226d656e755f70617468223b733a31303a22706572616d6574657273223b733a31303a226d656e755f6f72646572223b733a313a2233223b733a393a226d656e755f69636f6e223b733a31393a226d656e752d69636f6e2066612066612d746167223b733a31323a227375626d656e755f6e616d65223b733a32303a224d616e616765204d6f64756c6520526967687473223b733a31323a227375626d656e755f70617468223b733a33313a22706572616d65746572732f6d616e6167655f6d6f64756c655f726967687473223b733a31333a227375626d656e755f6f72646572223b733a313a2239223b733a31333a227375625f6d656e755f69636f6e223b733a313a222d223b7d693a32333b613a31323a7b733a393a227269676874735f6964223b733a313a2236223b733a373a22726f6c655f6964223b733a313a2231223b733a31303a227375626d656e755f6964223b733a313a2236223b733a373a226d656e755f6964223b733a313a2232223b733a393a226d656e755f6e616d65223b733a353a224361706578223b733a393a226d656e755f70617468223b733a353a226361706578223b733a31303a226d656e755f6f72646572223b733a313a2235223b733a393a226d656e755f69636f6e223b733a32303a226d656e752d69636f6e2066612066612d6c697374223b733a31323a227375626d656e755f6e616d65223b733a31323a224d616e616765204361706578223b733a31323a227375626d656e755f70617468223b733a31313a2263617065782f696e646578223b733a31333a227375626d656e755f6f72646572223b733a313a2231223b733a31333a227375625f6d656e755f69636f6e223b733a303a22223b7d693a32343b613a31323a7b733a393a227269676874735f6964223b733a323a223138223b733a373a22726f6c655f6964223b733a313a2232223b733a31303a227375626d656e755f6964223b733a313a2236223b733a373a226d656e755f6964223b733a313a2232223b733a393a226d656e755f6e616d65223b733a353a224361706578223b733a393a226d656e755f70617468223b733a353a226361706578223b733a31303a226d656e755f6f72646572223b733a313a2235223b733a393a226d656e755f69636f6e223b733a32303a226d656e752d69636f6e2066612066612d6c697374223b733a31323a227375626d656e755f6e616d65223b733a31323a224d616e616765204361706578223b733a31323a227375626d656e755f70617468223b733a31313a2263617065782f696e646578223b733a31333a227375626d656e755f6f72646572223b733a313a2231223b733a31333a227375625f6d656e755f69636f6e223b733a303a22223b7d7d6d656e757c613a333a7b693a313b613a363a7b733a373a226d656e755f6964223b733a313a2231223b733a393a226d656e755f6e616d65223b733a363a2253797374656d223b733a393a226d656e755f70617468223b733a373a2273797374656d73223b733a31303a226d656e755f6f72646572223b733a313a2231223b733a393a226d656e755f69636f6e223b733a32333a226d656e752d69636f6e2066612066612d6465736b746f70223b733a393a227375625f6d656e7573223b613a373a7b693a323b613a363a7b733a373a226d656e755f6964223b733a313a2231223b733a31303a227375626d656e755f6964223b733a313a2232223b733a31323a227375626d656e755f6e616d65223b733a31323a224d616e616765204d656e7573223b733a31323a227375626d656e755f70617468223b733a32303a2273797374656d732f6d616e6167655f6d656e7573223b733a31333a227375626d656e755f6f72646572223b733a313a2231223b733a31333a227375625f6d656e755f69636f6e223b733a303a22223b7d693a333b613a363a7b733a373a226d656e755f6964223b733a313a2231223b733a31303a227375626d656e755f6964223b733a313a2233223b733a31323a227375626d656e755f6e616d65223b733a31363a224d616e61676520537562204d656e7573223b733a31323a227375626d656e755f70617468223b733a32343a2273797374656d732f6d616e6167655f7375625f6d656e7573223b733a31333a227375626d656e755f6f72646572223b733a313a2233223b733a31333a227375625f6d656e755f69636f6e223b733a303a22223b7d693a343b613a363a7b733a373a226d656e755f6964223b733a313a2231223b733a31303a227375626d656e755f6964223b733a313a2234223b733a31323a227375626d656e755f6e616d65223b733a31373a224d616e616765205573657220526f6c6573223b733a31323a227375626d656e755f70617468223b733a32353a2273797374656d732f6d616e6167655f757365725f726f6c6573223b733a31333a227375626d656e755f6f72646572223b733a313a2235223b733a31333a227375625f6d656e755f69636f6e223b733a303a22223b7d693a313b613a363a7b733a373a226d656e755f6964223b733a313a2231223b733a31303a227375626d656e755f6964223b733a313a2231223b733a31323a227375626d656e755f6e616d65223b733a31383a224d616e616765205573657220526967687473223b733a31323a227375626d656e755f70617468223b733a32363a2273797374656d732f6d616e6167655f757365725f726967687473223b733a31333a227375626d656e755f6f72646572223b733a313a2237223b733a31333a227375625f6d656e755f69636f6e223b733a303a22223b7d693a31343b613a363a7b733a373a226d656e755f6964223b733a313a2231223b733a31303a227375626d656e755f6964223b733a323a223134223b733a31323a227375626d656e755f6e616d65223b733a31343a2253797374656d204d6f64756c6573223b733a31323a227375626d656e755f70617468223b733a32313a2273797374656d732f6d616e6167655f6d6f64756c65223b733a31333a227375626d656e755f6f72646572223b733a313a2238223b733a31333a227375625f6d656e755f69636f6e223b733a313a222d223b7d693a353b613a363a7b733a373a226d656e755f6964223b733a313a2231223b733a31303a227375626d656e755f6964223b733a313a2235223b733a31323a227375626d656e755f6e616d65223b733a31383a22537562204d656e752046756e6374696f6e73223b733a31323a227375626d656e755f70617468223b733a33333a2273797374656d732f6d616e6167655f7375625f6d656e755f66756e6374696f6e73223b733a31333a227375626d656e755f6f72646572223b733a313a2239223b733a31333a227375625f6d656e755f69636f6e223b733a303a22223b7d693a393b613a363a7b733a373a226d656e755f6964223b733a313a2231223b733a31303a227375626d656e755f6964223b733a313a2239223b733a31323a227375626d656e755f6e616d65223b733a32343a224d616e6167652046756e6374696f6e616c20526967687473223b733a31323a227375626d656e755f70617468223b733a33323a2273797374656d732f6d616e6167655f66756e6374696f6e616c5f726967687473223b733a31333a227375626d656e755f6f72646572223b733a323a223131223b733a31333a227375625f6d656e755f69636f6e223b733a333a226e6f6e223b7d7d7d693a353b613a363a7b733a373a226d656e755f6964223b733a313a2235223b733a393a226d656e755f6e616d65223b733a31303a22506572616d6574657273223b733a393a226d656e755f70617468223b733a31303a22706572616d6574657273223b733a31303a226d656e755f6f72646572223b733a313a2233223b733a393a226d656e755f69636f6e223b733a31393a226d656e752d69636f6e2066612066612d746167223b733a393a227375625f6d656e7573223b613a353a7b693a31313b613a363a7b733a373a226d656e755f6964223b733a313a2235223b733a31303a227375626d656e755f6964223b733a323a223131223b733a31323a227375626d656e755f6e616d65223b733a31393a224d616e61676520436f73742043656e74726573223b733a31323a227375626d656e755f70617468223b733a33303a22706572616d65746572732f6d616e6167655f636f73745f63656e74657273223b733a31333a227375626d656e755f6f72646572223b733a313a2231223b733a31333a227375625f6d656e755f69636f6e223b733a313a222d223b7d693a31323b613a363a7b733a373a226d656e755f6964223b733a313a2235223b733a31303a227375626d656e755f6964223b733a323a223132223b733a31323a227375626d656e755f6e616d65223b733a31393a224d616e6167652064657369676e6174696f6e73223b733a31323a227375626d656e755f70617468223b733a33303a22706572616d65746572732f6d616e6167655f64657369676e6174696f6e73223b733a31333a227375626d656e755f6f72646572223b733a313a2233223b733a31333a227375625f6d656e755f69636f6e223b733a313a222d223b7d693a31333b613a363a7b733a373a226d656e755f6964223b733a313a2235223b733a31303a227375626d656e755f6964223b733a323a223133223b733a31323a227375626d656e755f6e616d65223b733a31383a224d616e616765204465706172746d656e7473223b733a31323a227375626d656e755f70617468223b733a32393a22706572616d65746572732f6d616e6167655f6465706172746d656e7473223b733a31333a227375626d656e755f6f72646572223b733a313a2235223b733a31333a227375625f6d656e755f69636f6e223b733a313a222d223b7d693a31303b613a363a7b733a373a226d656e755f6964223b733a313a2235223b733a31303a227375626d656e755f6964223b733a323a223130223b733a31323a227375626d656e755f6e616d65223b733a31323a224d616e616765205573657273223b733a31323a227375626d656e755f70617468223b733a32333a22506572616d65746572732f6d616e6167655f7573657273223b733a31333a227375626d656e755f6f72646572223b733a313a2237223b733a31333a227375625f6d656e755f69636f6e223b733a313a222d223b7d693a31353b613a363a7b733a373a226d656e755f6964223b733a313a2235223b733a31303a227375626d656e755f6964223b733a323a223135223b733a31323a227375626d656e755f6e616d65223b733a32303a224d616e616765204d6f64756c6520526967687473223b733a31323a227375626d656e755f70617468223b733a33313a22706572616d65746572732f6d616e6167655f6d6f64756c655f726967687473223b733a31333a227375626d656e755f6f72646572223b733a313a2239223b733a31333a227375625f6d656e755f69636f6e223b733a313a222d223b7d7d7d693a323b613a363a7b733a373a226d656e755f6964223b733a313a2232223b733a393a226d656e755f6e616d65223b733a353a224361706578223b733a393a226d656e755f70617468223b733a353a226361706578223b733a31303a226d656e755f6f72646572223b733a313a2235223b733a393a226d656e755f69636f6e223b733a32303a226d656e752d69636f6e2066612066612d6c697374223b733a393a227375625f6d656e7573223b613a313a7b693a363b613a363a7b733a373a226d656e755f6964223b733a313a2232223b733a31303a227375626d656e755f6964223b733a313a2236223b733a31323a227375626d656e755f6e616d65223b733a31323a224d616e616765204361706578223b733a31323a227375626d656e755f70617468223b733a31313a2263617065782f696e646578223b733a31333a227375626d656e755f6f72646572223b733a313a2231223b733a31333a227375625f6d656e755f69636f6e223b733a303a22223b7d7d7d7d);
INSERT INTO `ci_sessions` (`id`, `ip_address`, `timestamp`, `data`) VALUES
('pmvromuapren649qshmufmn1dq815ovl', '::1', 1496732211, 0x5f5f63695f6c6173745f726567656e65726174657c693a313439363733323137393b636f6e74726f6c6c65727c733a373a2273797374656d73223b66756e6374696f6e7c733a31363a226d616e6167655f7375625f6d656e7573223b617574687c623a303b6c6f675f646174617c613a313a7b693a303b613a393a7b733a323a226964223b733a313a2231223b733a373a22757365725f6964223b733a353a2261646d696e223b733a393a22757365725f6e616d65223b733a353a2241646d696e223b733a383a2270617373776f7264223b733a33323a223031393230323361376262643733323530353136663036396466313862353030223b733a353a22656d61696c223b733a31383a2261646d696e407472796f6e6963732e636f6d223b733a31303a2273757065727669736f72223b733a353a2261646d696e223b733a363a22737461747573223b733a313a2231223b733a31303a22657369676e6174757265223b733a303a22223b733a31333a226f726967696e616c5f6e616d65223b733a303a22223b7d7d757365725f6c6f677c623a313b64657369676e6174696f6e737c613a323a7b693a303b613a323a7b733a31343a2264657369676e6174696f6e5f6964223b733a313a2231223b733a31303a2269735f7072696d617279223b733a313a2231223b7d693a313b613a323a7b733a31343a2264657369676e6174696f6e5f6964223b733a313a2232223b733a31303a2269735f7072696d617279223b733a313a2230223b7d7d636f737463656e747265737c613a343a7b693a303b613a323a7b733a31353a22636f737463656e7472655f636f6465223b733a333a22434331223b733a31303a2269735f7072696d617279223b733a313a2231223b7d693a313b613a323a7b733a31353a22636f737463656e7472655f636f6465223b733a333a22434332223b733a31303a2269735f7072696d617279223b733a313a2230223b7d693a323b613a323a7b733a31353a22636f737463656e7472655f636f6465223b733a333a22434333223b733a31303a2269735f7072696d617279223b733a313a2230223b7d693a333b613a323a7b733a31353a22636f737463656e7472655f636f6465223b733a333a22434334223b733a31303a2269735f7072696d617279223b733a313a2230223b7d7d726f6c65737c613a323a7b693a303b613a313a7b733a373a22726f6c655f6964223b733a313a2231223b7d693a313b613a313a7b733a373a22726f6c655f6964223b733a313a2232223b7d7d7065726d697373696f6e7c613a32353a7b693a303b613a31323a7b733a393a227269676874735f6964223b733a313a2232223b733a373a22726f6c655f6964223b733a313a2231223b733a31303a227375626d656e755f6964223b733a313a2232223b733a373a226d656e755f6964223b733a313a2231223b733a393a226d656e755f6e616d65223b733a363a2253797374656d223b733a393a226d656e755f70617468223b733a373a2273797374656d73223b733a31303a226d656e755f6f72646572223b733a313a2231223b733a393a226d656e755f69636f6e223b733a32333a226d656e752d69636f6e2066612066612d6465736b746f70223b733a31323a227375626d656e755f6e616d65223b733a31323a224d616e616765204d656e7573223b733a31323a227375626d656e755f70617468223b733a32303a2273797374656d732f6d616e6167655f6d656e7573223b733a31333a227375626d656e755f6f72646572223b733a313a2231223b733a31333a227375625f6d656e755f69636f6e223b733a303a22223b7d693a313b613a31323a7b733a393a227269676874735f6964223b733a323a223135223b733a373a22726f6c655f6964223b733a313a2232223b733a31303a227375626d656e755f6964223b733a313a2232223b733a373a226d656e755f6964223b733a313a2231223b733a393a226d656e755f6e616d65223b733a363a2253797374656d223b733a393a226d656e755f70617468223b733a373a2273797374656d73223b733a31303a226d656e755f6f72646572223b733a313a2231223b733a393a226d656e755f69636f6e223b733a32333a226d656e752d69636f6e2066612066612d6465736b746f70223b733a31323a227375626d656e755f6e616d65223b733a31323a224d616e616765204d656e7573223b733a31323a227375626d656e755f70617468223b733a32303a2273797374656d732f6d616e6167655f6d656e7573223b733a31333a227375626d656e755f6f72646572223b733a313a2231223b733a31333a227375625f6d656e755f69636f6e223b733a303a22223b7d693a323b613a31323a7b733a393a227269676874735f6964223b733a313a2233223b733a373a22726f6c655f6964223b733a313a2231223b733a31303a227375626d656e755f6964223b733a313a2233223b733a373a226d656e755f6964223b733a313a2231223b733a393a226d656e755f6e616d65223b733a363a2253797374656d223b733a393a226d656e755f70617468223b733a373a2273797374656d73223b733a31303a226d656e755f6f72646572223b733a313a2231223b733a393a226d656e755f69636f6e223b733a32333a226d656e752d69636f6e2066612066612d6465736b746f70223b733a31323a227375626d656e755f6e616d65223b733a31363a224d616e61676520537562204d656e7573223b733a31323a227375626d656e755f70617468223b733a32343a2273797374656d732f6d616e6167655f7375625f6d656e7573223b733a31333a227375626d656e755f6f72646572223b733a313a2233223b733a31333a227375625f6d656e755f69636f6e223b733a303a22223b7d693a333b613a31323a7b733a393a227269676874735f6964223b733a323a223137223b733a373a22726f6c655f6964223b733a313a2232223b733a31303a227375626d656e755f6964223b733a313a2233223b733a373a226d656e755f6964223b733a313a2231223b733a393a226d656e755f6e616d65223b733a363a2253797374656d223b733a393a226d656e755f70617468223b733a373a2273797374656d73223b733a31303a226d656e755f6f72646572223b733a313a2231223b733a393a226d656e755f69636f6e223b733a32333a226d656e752d69636f6e2066612066612d6465736b746f70223b733a31323a227375626d656e755f6e616d65223b733a31363a224d616e61676520537562204d656e7573223b733a31323a227375626d656e755f70617468223b733a32343a2273797374656d732f6d616e6167655f7375625f6d656e7573223b733a31333a227375626d656e755f6f72646572223b733a313a2233223b733a31333a227375625f6d656e755f69636f6e223b733a303a22223b7d693a343b613a31323a7b733a393a227269676874735f6964223b733a323a223133223b733a373a22726f6c655f6964223b733a313a2232223b733a31303a227375626d656e755f6964223b733a313a2234223b733a373a226d656e755f6964223b733a313a2231223b733a393a226d656e755f6e616d65223b733a363a2253797374656d223b733a393a226d656e755f70617468223b733a373a2273797374656d73223b733a31303a226d656e755f6f72646572223b733a313a2231223b733a393a226d656e755f69636f6e223b733a32333a226d656e752d69636f6e2066612066612d6465736b746f70223b733a31323a227375626d656e755f6e616d65223b733a31373a224d616e616765205573657220526f6c6573223b733a31323a227375626d656e755f70617468223b733a32353a2273797374656d732f6d616e6167655f757365725f726f6c6573223b733a31333a227375626d656e755f6f72646572223b733a313a2235223b733a31333a227375625f6d656e755f69636f6e223b733a303a22223b7d693a353b613a31323a7b733a393a227269676874735f6964223b733a313a2234223b733a373a22726f6c655f6964223b733a313a2231223b733a31303a227375626d656e755f6964223b733a313a2234223b733a373a226d656e755f6964223b733a313a2231223b733a393a226d656e755f6e616d65223b733a363a2253797374656d223b733a393a226d656e755f70617468223b733a373a2273797374656d73223b733a31303a226d656e755f6f72646572223b733a313a2231223b733a393a226d656e755f69636f6e223b733a32333a226d656e752d69636f6e2066612066612d6465736b746f70223b733a31323a227375626d656e755f6e616d65223b733a31373a224d616e616765205573657220526f6c6573223b733a31323a227375626d656e755f70617468223b733a32353a2273797374656d732f6d616e6167655f757365725f726f6c6573223b733a31333a227375626d656e755f6f72646572223b733a313a2235223b733a31333a227375625f6d656e755f69636f6e223b733a303a22223b7d693a363b613a31323a7b733a393a227269676874735f6964223b733a323a223130223b733a373a22726f6c655f6964223b733a313a2231223b733a31303a227375626d656e755f6964223b733a313a2231223b733a373a226d656e755f6964223b733a313a2231223b733a393a226d656e755f6e616d65223b733a363a2253797374656d223b733a393a226d656e755f70617468223b733a373a2273797374656d73223b733a31303a226d656e755f6f72646572223b733a313a2231223b733a393a226d656e755f69636f6e223b733a32333a226d656e752d69636f6e2066612066612d6465736b746f70223b733a31323a227375626d656e755f6e616d65223b733a31383a224d616e616765205573657220526967687473223b733a31323a227375626d656e755f70617468223b733a32363a2273797374656d732f6d616e6167655f757365725f726967687473223b733a31333a227375626d656e755f6f72646572223b733a313a2237223b733a31333a227375625f6d656e755f69636f6e223b733a303a22223b7d693a373b613a31323a7b733a393a227269676874735f6964223b733a323a223132223b733a373a22726f6c655f6964223b733a313a2232223b733a31303a227375626d656e755f6964223b733a313a2231223b733a373a226d656e755f6964223b733a313a2231223b733a393a226d656e755f6e616d65223b733a363a2253797374656d223b733a393a226d656e755f70617468223b733a373a2273797374656d73223b733a31303a226d656e755f6f72646572223b733a313a2231223b733a393a226d656e755f69636f6e223b733a32333a226d656e752d69636f6e2066612066612d6465736b746f70223b733a31323a227375626d656e755f6e616d65223b733a31383a224d616e616765205573657220526967687473223b733a31323a227375626d656e755f70617468223b733a32363a2273797374656d732f6d616e6167655f757365725f726967687473223b733a31333a227375626d656e755f6f72646572223b733a313a2237223b733a31333a227375625f6d656e755f69636f6e223b733a303a22223b7d693a383b613a31323a7b733a393a227269676874735f6964223b733a323a223336223b733a373a22726f6c655f6964223b733a313a2231223b733a31303a227375626d656e755f6964223b733a323a223134223b733a373a226d656e755f6964223b733a313a2231223b733a393a226d656e755f6e616d65223b733a363a2253797374656d223b733a393a226d656e755f70617468223b733a373a2273797374656d73223b733a31303a226d656e755f6f72646572223b733a313a2231223b733a393a226d656e755f69636f6e223b733a32333a226d656e752d69636f6e2066612066612d6465736b746f70223b733a31323a227375626d656e755f6e616d65223b733a31343a2253797374656d204d6f64756c6573223b733a31323a227375626d656e755f70617468223b733a32313a2273797374656d732f6d616e6167655f6d6f64756c65223b733a31333a227375626d656e755f6f72646572223b733a313a2238223b733a31333a227375625f6d656e755f69636f6e223b733a313a222d223b7d693a393b613a31323a7b733a393a227269676874735f6964223b733a323a223337223b733a373a22726f6c655f6964223b733a313a2232223b733a31303a227375626d656e755f6964223b733a323a223134223b733a373a226d656e755f6964223b733a313a2231223b733a393a226d656e755f6e616d65223b733a363a2253797374656d223b733a393a226d656e755f70617468223b733a373a2273797374656d73223b733a31303a226d656e755f6f72646572223b733a313a2231223b733a393a226d656e755f69636f6e223b733a32333a226d656e752d69636f6e2066612066612d6465736b746f70223b733a31323a227375626d656e755f6e616d65223b733a31343a2253797374656d204d6f64756c6573223b733a31323a227375626d656e755f70617468223b733a32313a2273797374656d732f6d616e6167655f6d6f64756c65223b733a31333a227375626d656e755f6f72646572223b733a313a2238223b733a31333a227375625f6d656e755f69636f6e223b733a313a222d223b7d693a31303b613a31323a7b733a393a227269676874735f6964223b733a313a2235223b733a373a22726f6c655f6964223b733a313a2231223b733a31303a227375626d656e755f6964223b733a313a2235223b733a373a226d656e755f6964223b733a313a2231223b733a393a226d656e755f6e616d65223b733a363a2253797374656d223b733a393a226d656e755f70617468223b733a373a2273797374656d73223b733a31303a226d656e755f6f72646572223b733a313a2231223b733a393a226d656e755f69636f6e223b733a32333a226d656e752d69636f6e2066612066612d6465736b746f70223b733a31323a227375626d656e755f6e616d65223b733a31383a22537562204d656e752046756e6374696f6e73223b733a31323a227375626d656e755f70617468223b733a33333a2273797374656d732f6d616e6167655f7375625f6d656e755f66756e6374696f6e73223b733a31333a227375626d656e755f6f72646572223b733a313a2239223b733a31333a227375625f6d656e755f69636f6e223b733a303a22223b7d693a31313b613a31323a7b733a393a227269676874735f6964223b733a323a223136223b733a373a22726f6c655f6964223b733a313a2232223b733a31303a227375626d656e755f6964223b733a313a2235223b733a373a226d656e755f6964223b733a313a2231223b733a393a226d656e755f6e616d65223b733a363a2253797374656d223b733a393a226d656e755f70617468223b733a373a2273797374656d73223b733a31303a226d656e755f6f72646572223b733a313a2231223b733a393a226d656e755f69636f6e223b733a32333a226d656e752d69636f6e2066612066612d6465736b746f70223b733a31323a227375626d656e755f6e616d65223b733a31383a22537562204d656e752046756e6374696f6e73223b733a31323a227375626d656e755f70617468223b733a33333a2273797374656d732f6d616e6167655f7375625f6d656e755f66756e6374696f6e73223b733a31333a227375626d656e755f6f72646572223b733a313a2239223b733a31333a227375625f6d656e755f69636f6e223b733a303a22223b7d693a31323b613a31323a7b733a393a227269676874735f6964223b733a323a223134223b733a373a22726f6c655f6964223b733a313a2232223b733a31303a227375626d656e755f6964223b733a313a2239223b733a373a226d656e755f6964223b733a313a2231223b733a393a226d656e755f6e616d65223b733a363a2253797374656d223b733a393a226d656e755f70617468223b733a373a2273797374656d73223b733a31303a226d656e755f6f72646572223b733a313a2231223b733a393a226d656e755f69636f6e223b733a32333a226d656e752d69636f6e2066612066612d6465736b746f70223b733a31323a227375626d656e755f6e616d65223b733a32343a224d616e6167652046756e6374696f6e616c20526967687473223b733a31323a227375626d656e755f70617468223b733a33323a2273797374656d732f6d616e6167655f66756e6374696f6e616c5f726967687473223b733a31333a227375626d656e755f6f72646572223b733a323a223131223b733a31333a227375625f6d656e755f69636f6e223b733a333a226e6f6e223b7d693a31333b613a31323a7b733a393a227269676874735f6964223b733a323a223131223b733a373a22726f6c655f6964223b733a313a2231223b733a31303a227375626d656e755f6964223b733a313a2239223b733a373a226d656e755f6964223b733a313a2231223b733a393a226d656e755f6e616d65223b733a363a2253797374656d223b733a393a226d656e755f70617468223b733a373a2273797374656d73223b733a31303a226d656e755f6f72646572223b733a313a2231223b733a393a226d656e755f69636f6e223b733a32333a226d656e752d69636f6e2066612066612d6465736b746f70223b733a31323a227375626d656e755f6e616d65223b733a32343a224d616e6167652046756e6374696f6e616c20526967687473223b733a31323a227375626d656e755f70617468223b733a33323a2273797374656d732f6d616e6167655f66756e6374696f6e616c5f726967687473223b733a31333a227375626d656e755f6f72646572223b733a323a223131223b733a31333a227375625f6d656e755f69636f6e223b733a333a226e6f6e223b7d693a31343b613a31323a7b733a393a227269676874735f6964223b733a323a223239223b733a373a22726f6c655f6964223b733a313a2231223b733a31303a227375626d656e755f6964223b733a323a223131223b733a373a226d656e755f6964223b733a313a2235223b733a393a226d656e755f6e616d65223b733a31303a22506572616d6574657273223b733a393a226d656e755f70617468223b733a31303a22706572616d6574657273223b733a31303a226d656e755f6f72646572223b733a313a2233223b733a393a226d656e755f69636f6e223b733a31393a226d656e752d69636f6e2066612066612d746167223b733a31323a227375626d656e755f6e616d65223b733a31393a224d616e61676520436f73742043656e74726573223b733a31323a227375626d656e755f70617468223b733a33303a22706572616d65746572732f6d616e6167655f636f73745f63656e74657273223b733a31333a227375626d656e755f6f72646572223b733a313a2231223b733a31333a227375625f6d656e755f69636f6e223b733a313a222d223b7d693a31353b613a31323a7b733a393a227269676874735f6964223b733a323a223333223b733a373a22726f6c655f6964223b733a313a2232223b733a31303a227375626d656e755f6964223b733a323a223131223b733a373a226d656e755f6964223b733a313a2235223b733a393a226d656e755f6e616d65223b733a31303a22506572616d6574657273223b733a393a226d656e755f70617468223b733a31303a22706572616d6574657273223b733a31303a226d656e755f6f72646572223b733a313a2233223b733a393a226d656e755f69636f6e223b733a31393a226d656e752d69636f6e2066612066612d746167223b733a31323a227375626d656e755f6e616d65223b733a31393a224d616e61676520436f73742043656e74726573223b733a31323a227375626d656e755f70617468223b733a33303a22706572616d65746572732f6d616e6167655f636f73745f63656e74657273223b733a31333a227375626d656e755f6f72646572223b733a313a2231223b733a31333a227375625f6d656e755f69636f6e223b733a313a222d223b7d693a31363b613a31323a7b733a393a227269676874735f6964223b733a323a223330223b733a373a22726f6c655f6964223b733a313a2231223b733a31303a227375626d656e755f6964223b733a323a223132223b733a373a226d656e755f6964223b733a313a2235223b733a393a226d656e755f6e616d65223b733a31303a22506572616d6574657273223b733a393a226d656e755f70617468223b733a31303a22706572616d6574657273223b733a31303a226d656e755f6f72646572223b733a313a2233223b733a393a226d656e755f69636f6e223b733a31393a226d656e752d69636f6e2066612066612d746167223b733a31323a227375626d656e755f6e616d65223b733a31393a224d616e6167652064657369676e6174696f6e73223b733a31323a227375626d656e755f70617468223b733a33303a22706572616d65746572732f6d616e6167655f64657369676e6174696f6e73223b733a31333a227375626d656e755f6f72646572223b733a313a2233223b733a31333a227375625f6d656e755f69636f6e223b733a313a222d223b7d693a31373b613a31323a7b733a393a227269676874735f6964223b733a323a223334223b733a373a22726f6c655f6964223b733a313a2232223b733a31303a227375626d656e755f6964223b733a323a223132223b733a373a226d656e755f6964223b733a313a2235223b733a393a226d656e755f6e616d65223b733a31303a22506572616d6574657273223b733a393a226d656e755f70617468223b733a31303a22706572616d6574657273223b733a31303a226d656e755f6f72646572223b733a313a2233223b733a393a226d656e755f69636f6e223b733a31393a226d656e752d69636f6e2066612066612d746167223b733a31323a227375626d656e755f6e616d65223b733a31393a224d616e6167652064657369676e6174696f6e73223b733a31323a227375626d656e755f70617468223b733a33303a22706572616d65746572732f6d616e6167655f64657369676e6174696f6e73223b733a31333a227375626d656e755f6f72646572223b733a313a2233223b733a31333a227375625f6d656e755f69636f6e223b733a313a222d223b7d693a31383b613a31323a7b733a393a227269676874735f6964223b733a323a223331223b733a373a22726f6c655f6964223b733a313a2231223b733a31303a227375626d656e755f6964223b733a323a223133223b733a373a226d656e755f6964223b733a313a2235223b733a393a226d656e755f6e616d65223b733a31303a22506572616d6574657273223b733a393a226d656e755f70617468223b733a31303a22706572616d6574657273223b733a31303a226d656e755f6f72646572223b733a313a2233223b733a393a226d656e755f69636f6e223b733a31393a226d656e752d69636f6e2066612066612d746167223b733a31323a227375626d656e755f6e616d65223b733a31383a224d616e616765204465706172746d656e7473223b733a31323a227375626d656e755f70617468223b733a32393a22706572616d65746572732f6d616e6167655f6465706172746d656e7473223b733a31333a227375626d656e755f6f72646572223b733a313a2235223b733a31333a227375625f6d656e755f69636f6e223b733a313a222d223b7d693a31393b613a31323a7b733a393a227269676874735f6964223b733a323a223335223b733a373a22726f6c655f6964223b733a313a2232223b733a31303a227375626d656e755f6964223b733a323a223133223b733a373a226d656e755f6964223b733a313a2235223b733a393a226d656e755f6e616d65223b733a31303a22506572616d6574657273223b733a393a226d656e755f70617468223b733a31303a22706572616d6574657273223b733a31303a226d656e755f6f72646572223b733a313a2233223b733a393a226d656e755f69636f6e223b733a31393a226d656e752d69636f6e2066612066612d746167223b733a31323a227375626d656e755f6e616d65223b733a31383a224d616e616765204465706172746d656e7473223b733a31323a227375626d656e755f70617468223b733a32393a22706572616d65746572732f6d616e6167655f6465706172746d656e7473223b733a31333a227375626d656e755f6f72646572223b733a313a2235223b733a31333a227375625f6d656e755f69636f6e223b733a313a222d223b7d693a32303b613a31323a7b733a393a227269676874735f6964223b733a323a223238223b733a373a22726f6c655f6964223b733a313a2231223b733a31303a227375626d656e755f6964223b733a323a223130223b733a373a226d656e755f6964223b733a313a2235223b733a393a226d656e755f6e616d65223b733a31303a22506572616d6574657273223b733a393a226d656e755f70617468223b733a31303a22706572616d6574657273223b733a31303a226d656e755f6f72646572223b733a313a2233223b733a393a226d656e755f69636f6e223b733a31393a226d656e752d69636f6e2066612066612d746167223b733a31323a227375626d656e755f6e616d65223b733a31323a224d616e616765205573657273223b733a31323a227375626d656e755f70617468223b733a32333a22506572616d65746572732f6d616e6167655f7573657273223b733a31333a227375626d656e755f6f72646572223b733a313a2237223b733a31333a227375625f6d656e755f69636f6e223b733a313a222d223b7d693a32313b613a31323a7b733a393a227269676874735f6964223b733a323a223332223b733a373a22726f6c655f6964223b733a313a2232223b733a31303a227375626d656e755f6964223b733a323a223130223b733a373a226d656e755f6964223b733a313a2235223b733a393a226d656e755f6e616d65223b733a31303a22506572616d6574657273223b733a393a226d656e755f70617468223b733a31303a22706572616d6574657273223b733a31303a226d656e755f6f72646572223b733a313a2233223b733a393a226d656e755f69636f6e223b733a31393a226d656e752d69636f6e2066612066612d746167223b733a31323a227375626d656e755f6e616d65223b733a31323a224d616e616765205573657273223b733a31323a227375626d656e755f70617468223b733a32333a22506572616d65746572732f6d616e6167655f7573657273223b733a31333a227375626d656e755f6f72646572223b733a313a2237223b733a31333a227375625f6d656e755f69636f6e223b733a313a222d223b7d693a32323b613a31323a7b733a393a227269676874735f6964223b733a323a223338223b733a373a22726f6c655f6964223b733a313a2231223b733a31303a227375626d656e755f6964223b733a323a223135223b733a373a226d656e755f6964223b733a313a2235223b733a393a226d656e755f6e616d65223b733a31303a22506572616d6574657273223b733a393a226d656e755f70617468223b733a31303a22706572616d6574657273223b733a31303a226d656e755f6f72646572223b733a313a2233223b733a393a226d656e755f69636f6e223b733a31393a226d656e752d69636f6e2066612066612d746167223b733a31323a227375626d656e755f6e616d65223b733a32303a224d616e616765204d6f64756c6520526967687473223b733a31323a227375626d656e755f70617468223b733a33313a22706572616d65746572732f6d616e6167655f6d6f64756c655f726967687473223b733a31333a227375626d656e755f6f72646572223b733a313a2239223b733a31333a227375625f6d656e755f69636f6e223b733a313a222d223b7d693a32333b613a31323a7b733a393a227269676874735f6964223b733a313a2236223b733a373a22726f6c655f6964223b733a313a2231223b733a31303a227375626d656e755f6964223b733a313a2236223b733a373a226d656e755f6964223b733a313a2232223b733a393a226d656e755f6e616d65223b733a353a224361706578223b733a393a226d656e755f70617468223b733a353a226361706578223b733a31303a226d656e755f6f72646572223b733a313a2235223b733a393a226d656e755f69636f6e223b733a32303a226d656e752d69636f6e2066612066612d6c697374223b733a31323a227375626d656e755f6e616d65223b733a31323a224d616e616765204361706578223b733a31323a227375626d656e755f70617468223b733a31313a2263617065782f696e646578223b733a31333a227375626d656e755f6f72646572223b733a313a2231223b733a31333a227375625f6d656e755f69636f6e223b733a303a22223b7d693a32343b613a31323a7b733a393a227269676874735f6964223b733a323a223138223b733a373a22726f6c655f6964223b733a313a2232223b733a31303a227375626d656e755f6964223b733a313a2236223b733a373a226d656e755f6964223b733a313a2232223b733a393a226d656e755f6e616d65223b733a353a224361706578223b733a393a226d656e755f70617468223b733a353a226361706578223b733a31303a226d656e755f6f72646572223b733a313a2235223b733a393a226d656e755f69636f6e223b733a32303a226d656e752d69636f6e2066612066612d6c697374223b733a31323a227375626d656e755f6e616d65223b733a31323a224d616e616765204361706578223b733a31323a227375626d656e755f70617468223b733a31313a2263617065782f696e646578223b733a31333a227375626d656e755f6f72646572223b733a313a2231223b733a31333a227375625f6d656e755f69636f6e223b733a303a22223b7d7d6d656e757c613a333a7b693a313b613a363a7b733a373a226d656e755f6964223b733a313a2231223b733a393a226d656e755f6e616d65223b733a363a2253797374656d223b733a393a226d656e755f70617468223b733a373a2273797374656d73223b733a31303a226d656e755f6f72646572223b733a313a2231223b733a393a226d656e755f69636f6e223b733a32333a226d656e752d69636f6e2066612066612d6465736b746f70223b733a393a227375625f6d656e7573223b613a373a7b693a323b613a363a7b733a373a226d656e755f6964223b733a313a2231223b733a31303a227375626d656e755f6964223b733a313a2232223b733a31323a227375626d656e755f6e616d65223b733a31323a224d616e616765204d656e7573223b733a31323a227375626d656e755f70617468223b733a32303a2273797374656d732f6d616e6167655f6d656e7573223b733a31333a227375626d656e755f6f72646572223b733a313a2231223b733a31333a227375625f6d656e755f69636f6e223b733a303a22223b7d693a333b613a363a7b733a373a226d656e755f6964223b733a313a2231223b733a31303a227375626d656e755f6964223b733a313a2233223b733a31323a227375626d656e755f6e616d65223b733a31363a224d616e61676520537562204d656e7573223b733a31323a227375626d656e755f70617468223b733a32343a2273797374656d732f6d616e6167655f7375625f6d656e7573223b733a31333a227375626d656e755f6f72646572223b733a313a2233223b733a31333a227375625f6d656e755f69636f6e223b733a303a22223b7d693a343b613a363a7b733a373a226d656e755f6964223b733a313a2231223b733a31303a227375626d656e755f6964223b733a313a2234223b733a31323a227375626d656e755f6e616d65223b733a31373a224d616e616765205573657220526f6c6573223b733a31323a227375626d656e755f70617468223b733a32353a2273797374656d732f6d616e6167655f757365725f726f6c6573223b733a31333a227375626d656e755f6f72646572223b733a313a2235223b733a31333a227375625f6d656e755f69636f6e223b733a303a22223b7d693a313b613a363a7b733a373a226d656e755f6964223b733a313a2231223b733a31303a227375626d656e755f6964223b733a313a2231223b733a31323a227375626d656e755f6e616d65223b733a31383a224d616e616765205573657220526967687473223b733a31323a227375626d656e755f70617468223b733a32363a2273797374656d732f6d616e6167655f757365725f726967687473223b733a31333a227375626d656e755f6f72646572223b733a313a2237223b733a31333a227375625f6d656e755f69636f6e223b733a303a22223b7d693a31343b613a363a7b733a373a226d656e755f6964223b733a313a2231223b733a31303a227375626d656e755f6964223b733a323a223134223b733a31323a227375626d656e755f6e616d65223b733a31343a2253797374656d204d6f64756c6573223b733a31323a227375626d656e755f70617468223b733a32313a2273797374656d732f6d616e6167655f6d6f64756c65223b733a31333a227375626d656e755f6f72646572223b733a313a2238223b733a31333a227375625f6d656e755f69636f6e223b733a313a222d223b7d693a353b613a363a7b733a373a226d656e755f6964223b733a313a2231223b733a31303a227375626d656e755f6964223b733a313a2235223b733a31323a227375626d656e755f6e616d65223b733a31383a22537562204d656e752046756e6374696f6e73223b733a31323a227375626d656e755f70617468223b733a33333a2273797374656d732f6d616e6167655f7375625f6d656e755f66756e6374696f6e73223b733a31333a227375626d656e755f6f72646572223b733a313a2239223b733a31333a227375625f6d656e755f69636f6e223b733a303a22223b7d693a393b613a363a7b733a373a226d656e755f6964223b733a313a2231223b733a31303a227375626d656e755f6964223b733a313a2239223b733a31323a227375626d656e755f6e616d65223b733a32343a224d616e6167652046756e6374696f6e616c20526967687473223b733a31323a227375626d656e755f70617468223b733a33323a2273797374656d732f6d616e6167655f66756e6374696f6e616c5f726967687473223b733a31333a227375626d656e755f6f72646572223b733a323a223131223b733a31333a227375625f6d656e755f69636f6e223b733a333a226e6f6e223b7d7d7d693a353b613a363a7b733a373a226d656e755f6964223b733a313a2235223b733a393a226d656e755f6e616d65223b733a31303a22506572616d6574657273223b733a393a226d656e755f70617468223b733a31303a22706572616d6574657273223b733a31303a226d656e755f6f72646572223b733a313a2233223b733a393a226d656e755f69636f6e223b733a31393a226d656e752d69636f6e2066612066612d746167223b733a393a227375625f6d656e7573223b613a353a7b693a31313b613a363a7b733a373a226d656e755f6964223b733a313a2235223b733a31303a227375626d656e755f6964223b733a323a223131223b733a31323a227375626d656e755f6e616d65223b733a31393a224d616e61676520436f73742043656e74726573223b733a31323a227375626d656e755f70617468223b733a33303a22706572616d65746572732f6d616e6167655f636f73745f63656e74657273223b733a31333a227375626d656e755f6f72646572223b733a313a2231223b733a31333a227375625f6d656e755f69636f6e223b733a313a222d223b7d693a31323b613a363a7b733a373a226d656e755f6964223b733a313a2235223b733a31303a227375626d656e755f6964223b733a323a223132223b733a31323a227375626d656e755f6e616d65223b733a31393a224d616e6167652064657369676e6174696f6e73223b733a31323a227375626d656e755f70617468223b733a33303a22706572616d65746572732f6d616e6167655f64657369676e6174696f6e73223b733a31333a227375626d656e755f6f72646572223b733a313a2233223b733a31333a227375625f6d656e755f69636f6e223b733a313a222d223b7d693a31333b613a363a7b733a373a226d656e755f6964223b733a313a2235223b733a31303a227375626d656e755f6964223b733a323a223133223b733a31323a227375626d656e755f6e616d65223b733a31383a224d616e616765204465706172746d656e7473223b733a31323a227375626d656e755f70617468223b733a32393a22706572616d65746572732f6d616e6167655f6465706172746d656e7473223b733a31333a227375626d656e755f6f72646572223b733a313a2235223b733a31333a227375625f6d656e755f69636f6e223b733a313a222d223b7d693a31303b613a363a7b733a373a226d656e755f6964223b733a313a2235223b733a31303a227375626d656e755f6964223b733a323a223130223b733a31323a227375626d656e755f6e616d65223b733a31323a224d616e616765205573657273223b733a31323a227375626d656e755f70617468223b733a32333a22506572616d65746572732f6d616e6167655f7573657273223b733a31333a227375626d656e755f6f72646572223b733a313a2237223b733a31333a227375625f6d656e755f69636f6e223b733a313a222d223b7d693a31353b613a363a7b733a373a226d656e755f6964223b733a313a2235223b733a31303a227375626d656e755f6964223b733a323a223135223b733a31323a227375626d656e755f6e616d65223b733a32303a224d616e616765204d6f64756c6520526967687473223b733a31323a227375626d656e755f70617468223b733a33313a22706572616d65746572732f6d616e6167655f6d6f64756c655f726967687473223b733a31333a227375626d656e755f6f72646572223b733a313a2239223b733a31333a227375625f6d656e755f69636f6e223b733a313a222d223b7d7d7d693a323b613a363a7b733a373a226d656e755f6964223b733a313a2232223b733a393a226d656e755f6e616d65223b733a353a224361706578223b733a393a226d656e755f70617468223b733a353a226361706578223b733a31303a226d656e755f6f72646572223b733a313a2235223b733a393a226d656e755f69636f6e223b733a32303a226d656e752d69636f6e2066612066612d6c697374223b733a393a227375625f6d656e7573223b613a313a7b693a363b613a363a7b733a373a226d656e755f6964223b733a313a2232223b733a31303a227375626d656e755f6964223b733a313a2236223b733a31323a227375626d656e755f6e616d65223b733a31323a224d616e616765204361706578223b733a31323a227375626d656e755f70617468223b733a31313a2263617065782f696e646578223b733a31333a227375626d656e755f6f72646572223b733a313a2231223b733a31333a227375625f6d656e755f69636f6e223b733a303a22223b7d7d7d7d),
('qp2b66lesih1c55kcppju66qs075kvj4', '::1', 1496732277, 0x636f6e74726f6c6c65727c733a353a227573657273223b66756e6374696f6e7c733a353a22696e646578223b617574687c623a303b);
INSERT INTO `ci_sessions` (`id`, `ip_address`, `timestamp`, `data`) VALUES
('rvvr158c03q5pco83jq32j4evr1st0c7', '::1', 1496731063, 0x5f5f63695f6c6173745f726567656e65726174657c693a313439363733313033373b636f6e74726f6c6c65727c733a31303a22706572616d6574657273223b66756e6374696f6e7c733a32303a226d616e6167655f6d6f64756c655f726967687473223b617574687c623a303b6c6f675f646174617c613a313a7b693a303b613a393a7b733a323a226964223b733a313a2233223b733a373a22757365725f6964223b733a333a22313131223b733a393a22757365725f6e616d65223b733a333a22313131223b733a383a2270617373776f7264223b733a33323a223730373230613532653034643335626164336232633335376537313361623936223b733a353a22656d61696c223b733a31313a22313131403131312e313131223b733a31303a2273757065727669736f72223b733a353a2261646d696e223b733a363a22737461747573223b733a313a2231223b733a31303a22657369676e6174757265223b733a303a22223b733a31333a226f726967696e616c5f6e616d65223b733a303a22223b7d7d757365725f6c6f677c623a313b64657369676e6174696f6e737c613a323a7b693a303b613a323a7b733a31343a2264657369676e6174696f6e5f6964223b733a313a2233223b733a31303a2269735f7072696d617279223b733a313a2231223b7d693a313b613a323a7b733a31343a2264657369676e6174696f6e5f6964223b733a313a2234223b733a31303a2269735f7072696d617279223b733a313a2230223b7d7d636f737463656e747265737c613a323a7b693a303b613a323a7b733a31353a22636f737463656e7472655f636f6465223b733a333a22434331223b733a31303a2269735f7072696d617279223b733a313a2231223b7d693a313b613a323a7b733a31353a22636f737463656e7472655f636f6465223b733a333a22434333223b733a31303a2269735f7072696d617279223b733a313a2230223b7d7d726f6c65737c613a313a7b693a303b613a313a7b733a373a22726f6c655f6964223b733a313a2235223b7d7d7065726d697373696f6e7c613a31383a7b693a303b613a31323a7b733a393a227269676874735f6964223b733a323a223530223b733a373a22726f6c655f6964223b733a313a2235223b733a31303a227375626d656e755f6964223b733a313a2232223b733a373a226d656e755f6964223b733a313a2231223b733a393a226d656e755f6e616d65223b733a363a2253797374656d223b733a393a226d656e755f70617468223b733a373a2273797374656d73223b733a31303a226d656e755f6f72646572223b733a313a2231223b733a393a226d656e755f69636f6e223b733a32333a226d656e752d69636f6e2066612066612d6465736b746f70223b733a31323a227375626d656e755f6e616d65223b733a31323a224d616e616765204d656e7573223b733a31323a227375626d656e755f70617468223b733a32303a2273797374656d732f6d616e6167655f6d656e7573223b733a31333a227375626d656e755f6f72646572223b733a313a2231223b733a31333a227375625f6d656e755f69636f6e223b733a303a22223b7d693a313b613a31323a7b733a393a227269676874735f6964223b733a323a223531223b733a373a22726f6c655f6964223b733a313a2235223b733a31303a227375626d656e755f6964223b733a313a2233223b733a373a226d656e755f6964223b733a313a2231223b733a393a226d656e755f6e616d65223b733a363a2253797374656d223b733a393a226d656e755f70617468223b733a373a2273797374656d73223b733a31303a226d656e755f6f72646572223b733a313a2231223b733a393a226d656e755f69636f6e223b733a32333a226d656e752d69636f6e2066612066612d6465736b746f70223b733a31323a227375626d656e755f6e616d65223b733a31363a224d616e61676520537562204d656e7573223b733a31323a227375626d656e755f70617468223b733a32343a2273797374656d732f6d616e6167655f7375625f6d656e7573223b733a31333a227375626d656e755f6f72646572223b733a313a2233223b733a31333a227375625f6d656e755f69636f6e223b733a303a22223b7d693a323b613a31323a7b733a393a227269676874735f6964223b733a323a223532223b733a373a22726f6c655f6964223b733a313a2235223b733a31303a227375626d656e755f6964223b733a313a2234223b733a373a226d656e755f6964223b733a313a2231223b733a393a226d656e755f6e616d65223b733a363a2253797374656d223b733a393a226d656e755f70617468223b733a373a2273797374656d73223b733a31303a226d656e755f6f72646572223b733a313a2231223b733a393a226d656e755f69636f6e223b733a32333a226d656e752d69636f6e2066612066612d6465736b746f70223b733a31323a227375626d656e755f6e616d65223b733a31373a224d616e616765205573657220526f6c6573223b733a31323a227375626d656e755f70617468223b733a32353a2273797374656d732f6d616e6167655f757365725f726f6c6573223b733a31333a227375626d656e755f6f72646572223b733a313a2235223b733a31333a227375625f6d656e755f69636f6e223b733a303a22223b7d693a333b613a31323a7b733a393a227269676874735f6964223b733a323a223439223b733a373a22726f6c655f6964223b733a313a2235223b733a31303a227375626d656e755f6964223b733a313a2231223b733a373a226d656e755f6964223b733a313a2231223b733a393a226d656e755f6e616d65223b733a363a2253797374656d223b733a393a226d656e755f70617468223b733a373a2273797374656d73223b733a31303a226d656e755f6f72646572223b733a313a2231223b733a393a226d656e755f69636f6e223b733a32333a226d656e752d69636f6e2066612066612d6465736b746f70223b733a31323a227375626d656e755f6e616d65223b733a31383a224d616e616765205573657220526967687473223b733a31323a227375626d656e755f70617468223b733a32363a2273797374656d732f6d616e6167655f757365725f726967687473223b733a31333a227375626d656e755f6f72646572223b733a313a2237223b733a31333a227375625f6d656e755f69636f6e223b733a303a22223b7d693a343b613a31323a7b733a393a227269676874735f6964223b733a323a223630223b733a373a22726f6c655f6964223b733a313a2235223b733a31303a227375626d656e755f6964223b733a323a223134223b733a373a226d656e755f6964223b733a313a2231223b733a393a226d656e755f6e616d65223b733a363a2253797374656d223b733a393a226d656e755f70617468223b733a373a2273797374656d73223b733a31303a226d656e755f6f72646572223b733a313a2231223b733a393a226d656e755f69636f6e223b733a32333a226d656e752d69636f6e2066612066612d6465736b746f70223b733a31323a227375626d656e755f6e616d65223b733a31343a2253797374656d204d6f64756c6573223b733a31323a227375626d656e755f70617468223b733a32313a2273797374656d732f6d616e6167655f6d6f64756c65223b733a31333a227375626d656e755f6f72646572223b733a313a2238223b733a31333a227375625f6d656e755f69636f6e223b733a313a222d223b7d693a353b613a31323a7b733a393a227269676874735f6964223b733a323a223533223b733a373a22726f6c655f6964223b733a313a2235223b733a31303a227375626d656e755f6964223b733a313a2235223b733a373a226d656e755f6964223b733a313a2231223b733a393a226d656e755f6e616d65223b733a363a2253797374656d223b733a393a226d656e755f70617468223b733a373a2273797374656d73223b733a31303a226d656e755f6f72646572223b733a313a2231223b733a393a226d656e755f69636f6e223b733a32333a226d656e752d69636f6e2066612066612d6465736b746f70223b733a31323a227375626d656e755f6e616d65223b733a31383a22537562204d656e752046756e6374696f6e73223b733a31323a227375626d656e755f70617468223b733a33333a2273797374656d732f6d616e6167655f7375625f6d656e755f66756e6374696f6e73223b733a31333a227375626d656e755f6f72646572223b733a313a2239223b733a31333a227375625f6d656e755f69636f6e223b733a303a22223b7d693a363b613a31323a7b733a393a227269676874735f6964223b733a323a223535223b733a373a22726f6c655f6964223b733a313a2235223b733a31303a227375626d656e755f6964223b733a313a2239223b733a373a226d656e755f6964223b733a313a2231223b733a393a226d656e755f6e616d65223b733a363a2253797374656d223b733a393a226d656e755f70617468223b733a373a2273797374656d73223b733a31303a226d656e755f6f72646572223b733a313a2231223b733a393a226d656e755f69636f6e223b733a32333a226d656e752d69636f6e2066612066612d6465736b746f70223b733a31323a227375626d656e755f6e616d65223b733a32343a224d616e6167652046756e6374696f6e616c20526967687473223b733a31323a227375626d656e755f70617468223b733a33323a2273797374656d732f6d616e6167655f66756e6374696f6e616c5f726967687473223b733a31333a227375626d656e755f6f72646572223b733a323a223131223b733a31333a227375625f6d656e755f69636f6e223b733a333a226e6f6e223b7d693a373b613a31323a7b733a393a227269676874735f6964223b733a323a223537223b733a373a22726f6c655f6964223b733a313a2235223b733a31303a227375626d656e755f6964223b733a323a223131223b733a373a226d656e755f6964223b733a313a2235223b733a393a226d656e755f6e616d65223b733a31303a22506572616d6574657273223b733a393a226d656e755f70617468223b733a31303a22706572616d6574657273223b733a31303a226d656e755f6f72646572223b733a313a2233223b733a393a226d656e755f69636f6e223b733a31393a226d656e752d69636f6e2066612066612d746167223b733a31323a227375626d656e755f6e616d65223b733a31393a224d616e61676520436f73742043656e74726573223b733a31323a227375626d656e755f70617468223b733a33303a22706572616d65746572732f6d616e6167655f636f73745f63656e74657273223b733a31333a227375626d656e755f6f72646572223b733a313a2231223b733a31333a227375625f6d656e755f69636f6e223b733a313a222d223b7d693a383b613a31323a7b733a393a227269676874735f6964223b733a323a223538223b733a373a22726f6c655f6964223b733a313a2235223b733a31303a227375626d656e755f6964223b733a323a223132223b733a373a226d656e755f6964223b733a313a2235223b733a393a226d656e755f6e616d65223b733a31303a22506572616d6574657273223b733a393a226d656e755f70617468223b733a31303a22706572616d6574657273223b733a31303a226d656e755f6f72646572223b733a313a2233223b733a393a226d656e755f69636f6e223b733a31393a226d656e752d69636f6e2066612066612d746167223b733a31323a227375626d656e755f6e616d65223b733a31393a224d616e6167652064657369676e6174696f6e73223b733a31323a227375626d656e755f70617468223b733a33303a22706572616d65746572732f6d616e6167655f64657369676e6174696f6e73223b733a31333a227375626d656e755f6f72646572223b733a313a2233223b733a31333a227375625f6d656e755f69636f6e223b733a313a222d223b7d693a393b613a31323a7b733a393a227269676874735f6964223b733a323a223539223b733a373a22726f6c655f6964223b733a313a2235223b733a31303a227375626d656e755f6964223b733a323a223133223b733a373a226d656e755f6964223b733a313a2235223b733a393a226d656e755f6e616d65223b733a31303a22506572616d6574657273223b733a393a226d656e755f70617468223b733a31303a22706572616d6574657273223b733a31303a226d656e755f6f72646572223b733a313a2233223b733a393a226d656e755f69636f6e223b733a31393a226d656e752d69636f6e2066612066612d746167223b733a31323a227375626d656e755f6e616d65223b733a31383a224d616e616765204465706172746d656e7473223b733a31323a227375626d656e755f70617468223b733a32393a22706572616d65746572732f6d616e6167655f6465706172746d656e7473223b733a31333a227375626d656e755f6f72646572223b733a313a2235223b733a31333a227375625f6d656e755f69636f6e223b733a313a222d223b7d693a31303b613a31323a7b733a393a227269676874735f6964223b733a323a223536223b733a373a22726f6c655f6964223b733a313a2235223b733a31303a227375626d656e755f6964223b733a323a223130223b733a373a226d656e755f6964223b733a313a2235223b733a393a226d656e755f6e616d65223b733a31303a22506572616d6574657273223b733a393a226d656e755f70617468223b733a31303a22706572616d6574657273223b733a31303a226d656e755f6f72646572223b733a313a2233223b733a393a226d656e755f69636f6e223b733a31393a226d656e752d69636f6e2066612066612d746167223b733a31323a227375626d656e755f6e616d65223b733a31323a224d616e616765205573657273223b733a31323a227375626d656e755f70617468223b733a32333a22506572616d65746572732f6d616e6167655f7573657273223b733a31333a227375626d656e755f6f72646572223b733a313a2237223b733a31333a227375625f6d656e755f69636f6e223b733a313a222d223b7d693a31313b613a31323a7b733a393a227269676874735f6964223b733a323a223631223b733a373a22726f6c655f6964223b733a313a2235223b733a31303a227375626d656e755f6964223b733a323a223135223b733a373a226d656e755f6964223b733a313a2235223b733a393a226d656e755f6e616d65223b733a31303a22506572616d6574657273223b733a393a226d656e755f70617468223b733a31303a22706572616d6574657273223b733a31303a226d656e755f6f72646572223b733a313a2233223b733a393a226d656e755f69636f6e223b733a31393a226d656e752d69636f6e2066612066612d746167223b733a31323a227375626d656e755f6e616d65223b733a32303a224d616e616765204d6f64756c6520526967687473223b733a31323a227375626d656e755f70617468223b733a33313a22706572616d65746572732f6d616e6167655f6d6f64756c655f726967687473223b733a31333a227375626d656e755f6f72646572223b733a313a2239223b733a31333a227375625f6d656e755f69636f6e223b733a313a222d223b7d693a31323b613a31323a7b733a393a227269676874735f6964223b733a323a223534223b733a373a22726f6c655f6964223b733a313a2235223b733a31303a227375626d656e755f6964223b733a313a2236223b733a373a226d656e755f6964223b733a313a2232223b733a393a226d656e755f6e616d65223b733a353a224361706578223b733a393a226d656e755f70617468223b733a353a226361706578223b733a31303a226d656e755f6f72646572223b733a313a2235223b733a393a226d656e755f69636f6e223b733a32303a226d656e752d69636f6e2066612066612d6c697374223b733a31323a227375626d656e755f6e616d65223b733a31323a224d616e616765204361706578223b733a31323a227375626d656e755f70617468223b733a31313a2263617065782f696e646578223b733a31333a227375626d656e755f6f72646572223b733a313a2231223b733a31333a227375625f6d656e755f69636f6e223b733a303a22223b7d693a31333b613a31323a7b733a393a227269676874735f6964223b733a323a223632223b733a373a22726f6c655f6964223b733a313a2235223b733a31303a227375626d656e755f6964223b733a323a223136223b733a373a226d656e755f6964223b733a313a2236223b733a393a226d656e755f6e616d65223b733a353a22466f726d73223b733a393a226d656e755f70617468223b733a353a22666f726d73223b733a31303a226d656e755f6f72646572223b733a323a223131223b733a393a226d656e755f69636f6e223b733a33313a226d656e752d69636f6e2066612066612d70656e63696c2d7371756172652d6f223b733a31323a227375626d656e755f6e616d65223b733a31323a22466f726d20456c656d656e74223b733a31323a227375626d656e755f70617468223b733a31323a22466f726d20456c656d656e74223b733a31333a227375626d656e755f6f72646572223b733a313a2231223b733a31333a227375625f6d656e755f69636f6e223b733a313a222d223b7d693a31343b613a31323a7b733a393a227269676874735f6964223b733a323a223633223b733a373a22726f6c655f6964223b733a313a2235223b733a31303a227375626d656e755f6964223b733a323a223137223b733a373a226d656e755f6964223b733a313a2236223b733a393a226d656e755f6e616d65223b733a353a22466f726d73223b733a393a226d656e755f70617468223b733a353a22666f726d73223b733a31303a226d656e755f6f72646572223b733a323a223131223b733a393a226d656e755f69636f6e223b733a33313a226d656e752d69636f6e2066612066612d70656e63696c2d7371756172652d6f223b733a31323a227375626d656e755f6e616d65223b733a31343a22466f726d20456c656d656e742032223b733a31323a227375626d656e755f70617468223b733a31343a22466f726d20456c656d656e742032223b733a31333a227375626d656e755f6f72646572223b733a313a2233223b733a31333a227375625f6d656e755f69636f6e223b733a313a222d223b7d693a31353b613a31323a7b733a393a227269676874735f6964223b733a323a223634223b733a373a22726f6c655f6964223b733a313a2235223b733a31303a227375626d656e755f6964223b733a323a223138223b733a373a226d656e755f6964223b733a313a2237223b733a393a226d656e755f6e616d65223b733a373a2257696467657473223b733a393a226d656e755f70617468223b733a373a2277696467657473223b733a31303a226d656e755f6f72646572223b733a323a223133223b733a393a226d656e755f69636f6e223b733a32343a226d656e752d69636f6e2066612066612d6c6973742d616c74223b733a31323a227375626d656e755f6e616d65223b733a31343a2257696467657420456c656d656e74223b733a31323a227375626d656e755f70617468223b733a31343a2257696467657420456c656d656e74223b733a31333a227375626d656e755f6f72646572223b733a313a2231223b733a31333a227375625f6d656e755f69636f6e223b733a313a222d223b7d693a31363b613a31323a7b733a393a227269676874735f6964223b733a323a223635223b733a373a22726f6c655f6964223b733a313a2235223b733a31303a227375626d656e755f6964223b733a323a223333223b733a373a226d656e755f6964223b733a323a223130223b733a393a226d656e755f6e616d65223b733a343a2274657374223b733a393a226d656e755f70617468223b733a343a2274657374223b733a31303a226d656e755f6f72646572223b733a323a223230223b733a393a226d656e755f69636f6e223b733a343a2274657374223b733a31323a227375626d656e755f6e616d65223b733a31313a224d616e6167652054657374223b733a31323a227375626d656e755f70617468223b733a31363a22746573742f6d616e6167655f74657374223b733a31333a227375626d656e755f6f72646572223b733a313a2231223b733a31333a227375625f6d656e755f69636f6e223b733a313a222d223b7d693a31373b613a31323a7b733a393a227269676874735f6964223b733a323a223636223b733a373a22726f6c655f6964223b733a313a2235223b733a31303a227375626d656e755f6964223b733a323a223334223b733a373a226d656e755f6964223b733a323a223130223b733a393a226d656e755f6e616d65223b733a343a2274657374223b733a393a226d656e755f70617468223b733a343a2274657374223b733a31303a226d656e755f6f72646572223b733a323a223230223b733a393a226d656e755f69636f6e223b733a343a2274657374223b733a31323a227375626d656e755f6e616d65223b733a31353a226d616e6167655f746573745f6e6577223b733a31323a227375626d656e755f70617468223b733a32303a22746573742f6d616e6167655f746573745f6e6577223b733a31333a227375626d656e755f6f72646572223b733a313a2233223b733a31333a227375625f6d656e755f69636f6e223b733a313a222d223b7d7d6d656e757c613a363a7b693a313b613a363a7b733a373a226d656e755f6964223b733a313a2231223b733a393a226d656e755f6e616d65223b733a363a2253797374656d223b733a393a226d656e755f70617468223b733a373a2273797374656d73223b733a31303a226d656e755f6f72646572223b733a313a2231223b733a393a226d656e755f69636f6e223b733a32333a226d656e752d69636f6e2066612066612d6465736b746f70223b733a393a227375625f6d656e7573223b613a373a7b693a323b613a363a7b733a373a226d656e755f6964223b733a313a2231223b733a31303a227375626d656e755f6964223b733a313a2232223b733a31323a227375626d656e755f6e616d65223b733a31323a224d616e616765204d656e7573223b733a31323a227375626d656e755f70617468223b733a32303a2273797374656d732f6d616e6167655f6d656e7573223b733a31333a227375626d656e755f6f72646572223b733a313a2231223b733a31333a227375625f6d656e755f69636f6e223b733a303a22223b7d693a333b613a363a7b733a373a226d656e755f6964223b733a313a2231223b733a31303a227375626d656e755f6964223b733a313a2233223b733a31323a227375626d656e755f6e616d65223b733a31363a224d616e61676520537562204d656e7573223b733a31323a227375626d656e755f70617468223b733a32343a2273797374656d732f6d616e6167655f7375625f6d656e7573223b733a31333a227375626d656e755f6f72646572223b733a313a2233223b733a31333a227375625f6d656e755f69636f6e223b733a303a22223b7d693a343b613a363a7b733a373a226d656e755f6964223b733a313a2231223b733a31303a227375626d656e755f6964223b733a313a2234223b733a31323a227375626d656e755f6e616d65223b733a31373a224d616e616765205573657220526f6c6573223b733a31323a227375626d656e755f70617468223b733a32353a2273797374656d732f6d616e6167655f757365725f726f6c6573223b733a31333a227375626d656e755f6f72646572223b733a313a2235223b733a31333a227375625f6d656e755f69636f6e223b733a303a22223b7d693a313b613a363a7b733a373a226d656e755f6964223b733a313a2231223b733a31303a227375626d656e755f6964223b733a313a2231223b733a31323a227375626d656e755f6e616d65223b733a31383a224d616e616765205573657220526967687473223b733a31323a227375626d656e755f70617468223b733a32363a2273797374656d732f6d616e6167655f757365725f726967687473223b733a31333a227375626d656e755f6f72646572223b733a313a2237223b733a31333a227375625f6d656e755f69636f6e223b733a303a22223b7d693a31343b613a363a7b733a373a226d656e755f6964223b733a313a2231223b733a31303a227375626d656e755f6964223b733a323a223134223b733a31323a227375626d656e755f6e616d65223b733a31343a2253797374656d204d6f64756c6573223b733a31323a227375626d656e755f70617468223b733a32313a2273797374656d732f6d616e6167655f6d6f64756c65223b733a31333a227375626d656e755f6f72646572223b733a313a2238223b733a31333a227375625f6d656e755f69636f6e223b733a313a222d223b7d693a353b613a363a7b733a373a226d656e755f6964223b733a313a2231223b733a31303a227375626d656e755f6964223b733a313a2235223b733a31323a227375626d656e755f6e616d65223b733a31383a22537562204d656e752046756e6374696f6e73223b733a31323a227375626d656e755f70617468223b733a33333a2273797374656d732f6d616e6167655f7375625f6d656e755f66756e6374696f6e73223b733a31333a227375626d656e755f6f72646572223b733a313a2239223b733a31333a227375625f6d656e755f69636f6e223b733a303a22223b7d693a393b613a363a7b733a373a226d656e755f6964223b733a313a2231223b733a31303a227375626d656e755f6964223b733a313a2239223b733a31323a227375626d656e755f6e616d65223b733a32343a224d616e6167652046756e6374696f6e616c20526967687473223b733a31323a227375626d656e755f70617468223b733a33323a2273797374656d732f6d616e6167655f66756e6374696f6e616c5f726967687473223b733a31333a227375626d656e755f6f72646572223b733a323a223131223b733a31333a227375625f6d656e755f69636f6e223b733a333a226e6f6e223b7d7d7d693a353b613a363a7b733a373a226d656e755f6964223b733a313a2235223b733a393a226d656e755f6e616d65223b733a31303a22506572616d6574657273223b733a393a226d656e755f70617468223b733a31303a22706572616d6574657273223b733a31303a226d656e755f6f72646572223b733a313a2233223b733a393a226d656e755f69636f6e223b733a31393a226d656e752d69636f6e2066612066612d746167223b733a393a227375625f6d656e7573223b613a353a7b693a31313b613a363a7b733a373a226d656e755f6964223b733a313a2235223b733a31303a227375626d656e755f6964223b733a323a223131223b733a31323a227375626d656e755f6e616d65223b733a31393a224d616e61676520436f73742043656e74726573223b733a31323a227375626d656e755f70617468223b733a33303a22706572616d65746572732f6d616e6167655f636f73745f63656e74657273223b733a31333a227375626d656e755f6f72646572223b733a313a2231223b733a31333a227375625f6d656e755f69636f6e223b733a313a222d223b7d693a31323b613a363a7b733a373a226d656e755f6964223b733a313a2235223b733a31303a227375626d656e755f6964223b733a323a223132223b733a31323a227375626d656e755f6e616d65223b733a31393a224d616e6167652064657369676e6174696f6e73223b733a31323a227375626d656e755f70617468223b733a33303a22706572616d65746572732f6d616e6167655f64657369676e6174696f6e73223b733a31333a227375626d656e755f6f72646572223b733a313a2233223b733a31333a227375625f6d656e755f69636f6e223b733a313a222d223b7d693a31333b613a363a7b733a373a226d656e755f6964223b733a313a2235223b733a31303a227375626d656e755f6964223b733a323a223133223b733a31323a227375626d656e755f6e616d65223b733a31383a224d616e616765204465706172746d656e7473223b733a31323a227375626d656e755f70617468223b733a32393a22706572616d65746572732f6d616e6167655f6465706172746d656e7473223b733a31333a227375626d656e755f6f72646572223b733a313a2235223b733a31333a227375625f6d656e755f69636f6e223b733a313a222d223b7d693a31303b613a363a7b733a373a226d656e755f6964223b733a313a2235223b733a31303a227375626d656e755f6964223b733a323a223130223b733a31323a227375626d656e755f6e616d65223b733a31323a224d616e616765205573657273223b733a31323a227375626d656e755f70617468223b733a32333a22506572616d65746572732f6d616e6167655f7573657273223b733a31333a227375626d656e755f6f72646572223b733a313a2237223b733a31333a227375625f6d656e755f69636f6e223b733a313a222d223b7d693a31353b613a363a7b733a373a226d656e755f6964223b733a313a2235223b733a31303a227375626d656e755f6964223b733a323a223135223b733a31323a227375626d656e755f6e616d65223b733a32303a224d616e616765204d6f64756c6520526967687473223b733a31323a227375626d656e755f70617468223b733a33313a22706572616d65746572732f6d616e6167655f6d6f64756c655f726967687473223b733a31333a227375626d656e755f6f72646572223b733a313a2239223b733a31333a227375625f6d656e755f69636f6e223b733a313a222d223b7d7d7d693a323b613a363a7b733a373a226d656e755f6964223b733a313a2232223b733a393a226d656e755f6e616d65223b733a353a224361706578223b733a393a226d656e755f70617468223b733a353a226361706578223b733a31303a226d656e755f6f72646572223b733a313a2235223b733a393a226d656e755f69636f6e223b733a32303a226d656e752d69636f6e2066612066612d6c697374223b733a393a227375625f6d656e7573223b613a313a7b693a363b613a363a7b733a373a226d656e755f6964223b733a313a2232223b733a31303a227375626d656e755f6964223b733a313a2236223b733a31323a227375626d656e755f6e616d65223b733a31323a224d616e616765204361706578223b733a31323a227375626d656e755f70617468223b733a31313a2263617065782f696e646578223b733a31333a227375626d656e755f6f72646572223b733a313a2231223b733a31333a227375625f6d656e755f69636f6e223b733a303a22223b7d7d7d693a363b613a363a7b733a373a226d656e755f6964223b733a313a2236223b733a393a226d656e755f6e616d65223b733a353a22466f726d73223b733a393a226d656e755f70617468223b733a353a22666f726d73223b733a31303a226d656e755f6f72646572223b733a323a223131223b733a393a226d656e755f69636f6e223b733a33313a226d656e752d69636f6e2066612066612d70656e63696c2d7371756172652d6f223b733a393a227375625f6d656e7573223b613a323a7b693a31363b613a363a7b733a373a226d656e755f6964223b733a313a2236223b733a31303a227375626d656e755f6964223b733a323a223136223b733a31323a227375626d656e755f6e616d65223b733a31323a22466f726d20456c656d656e74223b733a31323a227375626d656e755f70617468223b733a31323a22466f726d20456c656d656e74223b733a31333a227375626d656e755f6f72646572223b733a313a2231223b733a31333a227375625f6d656e755f69636f6e223b733a313a222d223b7d693a31373b613a363a7b733a373a226d656e755f6964223b733a313a2236223b733a31303a227375626d656e755f6964223b733a323a223137223b733a31323a227375626d656e755f6e616d65223b733a31343a22466f726d20456c656d656e742032223b733a31323a227375626d656e755f70617468223b733a31343a22466f726d20456c656d656e742032223b733a31333a227375626d656e755f6f72646572223b733a313a2233223b733a31333a227375625f6d656e755f69636f6e223b733a313a222d223b7d7d7d693a373b613a363a7b733a373a226d656e755f6964223b733a313a2237223b733a393a226d656e755f6e616d65223b733a373a2257696467657473223b733a393a226d656e755f70617468223b733a373a2277696467657473223b733a31303a226d656e755f6f72646572223b733a323a223133223b733a393a226d656e755f69636f6e223b733a32343a226d656e752d69636f6e2066612066612d6c6973742d616c74223b733a393a227375625f6d656e7573223b613a313a7b693a31383b613a363a7b733a373a226d656e755f6964223b733a313a2237223b733a31303a227375626d656e755f6964223b733a323a223138223b733a31323a227375626d656e755f6e616d65223b733a31343a2257696467657420456c656d656e74223b733a31323a227375626d656e755f70617468223b733a31343a2257696467657420456c656d656e74223b733a31333a227375626d656e755f6f72646572223b733a313a2231223b733a31333a227375625f6d656e755f69636f6e223b733a313a222d223b7d7d7d693a31303b613a363a7b733a373a226d656e755f6964223b733a323a223130223b733a393a226d656e755f6e616d65223b733a343a2274657374223b733a393a226d656e755f70617468223b733a343a2274657374223b733a31303a226d656e755f6f72646572223b733a323a223230223b733a393a226d656e755f69636f6e223b733a343a2274657374223b733a393a227375625f6d656e7573223b613a323a7b693a33333b613a363a7b733a373a226d656e755f6964223b733a323a223130223b733a31303a227375626d656e755f6964223b733a323a223333223b733a31323a227375626d656e755f6e616d65223b733a31313a224d616e6167652054657374223b733a31323a227375626d656e755f70617468223b733a31363a22746573742f6d616e6167655f74657374223b733a31333a227375626d656e755f6f72646572223b733a313a2231223b733a31333a227375625f6d656e755f69636f6e223b733a313a222d223b7d693a33343b613a363a7b733a373a226d656e755f6964223b733a323a223130223b733a31303a227375626d656e755f6964223b733a323a223334223b733a31323a227375626d656e755f6e616d65223b733a31353a226d616e6167655f746573745f6e6577223b733a31323a227375626d656e755f70617468223b733a32303a22746573742f6d616e6167655f746573745f6e6577223b733a31333a227375626d656e755f6f72646572223b733a313a2233223b733a31333a227375625f6d656e755f69636f6e223b733a313a222d223b7d7d7d7d);
INSERT INTO `ci_sessions` (`id`, `ip_address`, `timestamp`, `data`) VALUES
('vnv2vu3rg0tlteu300ifl87vqomdmvgl', '::1', 1496731998, 0x5f5f63695f6c6173745f726567656e65726174657c693a313439363733313937303b636f6e74726f6c6c65727c733a373a2273797374656d73223b66756e6374696f6e7c733a31363a226d616e6167655f7375625f6d656e7573223b617574687c623a303b6c6f675f646174617c613a313a7b693a303b613a393a7b733a323a226964223b733a313a2231223b733a373a22757365725f6964223b733a353a2261646d696e223b733a393a22757365725f6e616d65223b733a353a2241646d696e223b733a383a2270617373776f7264223b733a33323a223031393230323361376262643733323530353136663036396466313862353030223b733a353a22656d61696c223b733a31383a2261646d696e407472796f6e6963732e636f6d223b733a31303a2273757065727669736f72223b733a353a2261646d696e223b733a363a22737461747573223b733a313a2231223b733a31303a22657369676e6174757265223b733a303a22223b733a31333a226f726967696e616c5f6e616d65223b733a303a22223b7d7d757365725f6c6f677c623a313b64657369676e6174696f6e737c613a323a7b693a303b613a323a7b733a31343a2264657369676e6174696f6e5f6964223b733a313a2231223b733a31303a2269735f7072696d617279223b733a313a2231223b7d693a313b613a323a7b733a31343a2264657369676e6174696f6e5f6964223b733a313a2232223b733a31303a2269735f7072696d617279223b733a313a2230223b7d7d636f737463656e747265737c613a343a7b693a303b613a323a7b733a31353a22636f737463656e7472655f636f6465223b733a333a22434331223b733a31303a2269735f7072696d617279223b733a313a2231223b7d693a313b613a323a7b733a31353a22636f737463656e7472655f636f6465223b733a333a22434332223b733a31303a2269735f7072696d617279223b733a313a2230223b7d693a323b613a323a7b733a31353a22636f737463656e7472655f636f6465223b733a333a22434333223b733a31303a2269735f7072696d617279223b733a313a2230223b7d693a333b613a323a7b733a31353a22636f737463656e7472655f636f6465223b733a333a22434334223b733a31303a2269735f7072696d617279223b733a313a2230223b7d7d726f6c65737c613a323a7b693a303b613a313a7b733a373a22726f6c655f6964223b733a313a2231223b7d693a313b613a313a7b733a373a22726f6c655f6964223b733a313a2232223b7d7d7065726d697373696f6e7c613a32353a7b693a303b613a31323a7b733a393a227269676874735f6964223b733a313a2232223b733a373a22726f6c655f6964223b733a313a2231223b733a31303a227375626d656e755f6964223b733a313a2232223b733a373a226d656e755f6964223b733a313a2231223b733a393a226d656e755f6e616d65223b733a363a2253797374656d223b733a393a226d656e755f70617468223b733a373a2273797374656d73223b733a31303a226d656e755f6f72646572223b733a313a2231223b733a393a226d656e755f69636f6e223b733a32333a226d656e752d69636f6e2066612066612d6465736b746f70223b733a31323a227375626d656e755f6e616d65223b733a31323a224d616e616765204d656e7573223b733a31323a227375626d656e755f70617468223b733a32303a2273797374656d732f6d616e6167655f6d656e7573223b733a31333a227375626d656e755f6f72646572223b733a313a2231223b733a31333a227375625f6d656e755f69636f6e223b733a303a22223b7d693a313b613a31323a7b733a393a227269676874735f6964223b733a323a223135223b733a373a22726f6c655f6964223b733a313a2232223b733a31303a227375626d656e755f6964223b733a313a2232223b733a373a226d656e755f6964223b733a313a2231223b733a393a226d656e755f6e616d65223b733a363a2253797374656d223b733a393a226d656e755f70617468223b733a373a2273797374656d73223b733a31303a226d656e755f6f72646572223b733a313a2231223b733a393a226d656e755f69636f6e223b733a32333a226d656e752d69636f6e2066612066612d6465736b746f70223b733a31323a227375626d656e755f6e616d65223b733a31323a224d616e616765204d656e7573223b733a31323a227375626d656e755f70617468223b733a32303a2273797374656d732f6d616e6167655f6d656e7573223b733a31333a227375626d656e755f6f72646572223b733a313a2231223b733a31333a227375625f6d656e755f69636f6e223b733a303a22223b7d693a323b613a31323a7b733a393a227269676874735f6964223b733a313a2233223b733a373a22726f6c655f6964223b733a313a2231223b733a31303a227375626d656e755f6964223b733a313a2233223b733a373a226d656e755f6964223b733a313a2231223b733a393a226d656e755f6e616d65223b733a363a2253797374656d223b733a393a226d656e755f70617468223b733a373a2273797374656d73223b733a31303a226d656e755f6f72646572223b733a313a2231223b733a393a226d656e755f69636f6e223b733a32333a226d656e752d69636f6e2066612066612d6465736b746f70223b733a31323a227375626d656e755f6e616d65223b733a31363a224d616e61676520537562204d656e7573223b733a31323a227375626d656e755f70617468223b733a32343a2273797374656d732f6d616e6167655f7375625f6d656e7573223b733a31333a227375626d656e755f6f72646572223b733a313a2233223b733a31333a227375625f6d656e755f69636f6e223b733a303a22223b7d693a333b613a31323a7b733a393a227269676874735f6964223b733a323a223137223b733a373a22726f6c655f6964223b733a313a2232223b733a31303a227375626d656e755f6964223b733a313a2233223b733a373a226d656e755f6964223b733a313a2231223b733a393a226d656e755f6e616d65223b733a363a2253797374656d223b733a393a226d656e755f70617468223b733a373a2273797374656d73223b733a31303a226d656e755f6f72646572223b733a313a2231223b733a393a226d656e755f69636f6e223b733a32333a226d656e752d69636f6e2066612066612d6465736b746f70223b733a31323a227375626d656e755f6e616d65223b733a31363a224d616e61676520537562204d656e7573223b733a31323a227375626d656e755f70617468223b733a32343a2273797374656d732f6d616e6167655f7375625f6d656e7573223b733a31333a227375626d656e755f6f72646572223b733a313a2233223b733a31333a227375625f6d656e755f69636f6e223b733a303a22223b7d693a343b613a31323a7b733a393a227269676874735f6964223b733a323a223133223b733a373a22726f6c655f6964223b733a313a2232223b733a31303a227375626d656e755f6964223b733a313a2234223b733a373a226d656e755f6964223b733a313a2231223b733a393a226d656e755f6e616d65223b733a363a2253797374656d223b733a393a226d656e755f70617468223b733a373a2273797374656d73223b733a31303a226d656e755f6f72646572223b733a313a2231223b733a393a226d656e755f69636f6e223b733a32333a226d656e752d69636f6e2066612066612d6465736b746f70223b733a31323a227375626d656e755f6e616d65223b733a31373a224d616e616765205573657220526f6c6573223b733a31323a227375626d656e755f70617468223b733a32353a2273797374656d732f6d616e6167655f757365725f726f6c6573223b733a31333a227375626d656e755f6f72646572223b733a313a2235223b733a31333a227375625f6d656e755f69636f6e223b733a303a22223b7d693a353b613a31323a7b733a393a227269676874735f6964223b733a313a2234223b733a373a22726f6c655f6964223b733a313a2231223b733a31303a227375626d656e755f6964223b733a313a2234223b733a373a226d656e755f6964223b733a313a2231223b733a393a226d656e755f6e616d65223b733a363a2253797374656d223b733a393a226d656e755f70617468223b733a373a2273797374656d73223b733a31303a226d656e755f6f72646572223b733a313a2231223b733a393a226d656e755f69636f6e223b733a32333a226d656e752d69636f6e2066612066612d6465736b746f70223b733a31323a227375626d656e755f6e616d65223b733a31373a224d616e616765205573657220526f6c6573223b733a31323a227375626d656e755f70617468223b733a32353a2273797374656d732f6d616e6167655f757365725f726f6c6573223b733a31333a227375626d656e755f6f72646572223b733a313a2235223b733a31333a227375625f6d656e755f69636f6e223b733a303a22223b7d693a363b613a31323a7b733a393a227269676874735f6964223b733a323a223130223b733a373a22726f6c655f6964223b733a313a2231223b733a31303a227375626d656e755f6964223b733a313a2231223b733a373a226d656e755f6964223b733a313a2231223b733a393a226d656e755f6e616d65223b733a363a2253797374656d223b733a393a226d656e755f70617468223b733a373a2273797374656d73223b733a31303a226d656e755f6f72646572223b733a313a2231223b733a393a226d656e755f69636f6e223b733a32333a226d656e752d69636f6e2066612066612d6465736b746f70223b733a31323a227375626d656e755f6e616d65223b733a31383a224d616e616765205573657220526967687473223b733a31323a227375626d656e755f70617468223b733a32363a2273797374656d732f6d616e6167655f757365725f726967687473223b733a31333a227375626d656e755f6f72646572223b733a313a2237223b733a31333a227375625f6d656e755f69636f6e223b733a303a22223b7d693a373b613a31323a7b733a393a227269676874735f6964223b733a323a223132223b733a373a22726f6c655f6964223b733a313a2232223b733a31303a227375626d656e755f6964223b733a313a2231223b733a373a226d656e755f6964223b733a313a2231223b733a393a226d656e755f6e616d65223b733a363a2253797374656d223b733a393a226d656e755f70617468223b733a373a2273797374656d73223b733a31303a226d656e755f6f72646572223b733a313a2231223b733a393a226d656e755f69636f6e223b733a32333a226d656e752d69636f6e2066612066612d6465736b746f70223b733a31323a227375626d656e755f6e616d65223b733a31383a224d616e616765205573657220526967687473223b733a31323a227375626d656e755f70617468223b733a32363a2273797374656d732f6d616e6167655f757365725f726967687473223b733a31333a227375626d656e755f6f72646572223b733a313a2237223b733a31333a227375625f6d656e755f69636f6e223b733a303a22223b7d693a383b613a31323a7b733a393a227269676874735f6964223b733a323a223336223b733a373a22726f6c655f6964223b733a313a2231223b733a31303a227375626d656e755f6964223b733a323a223134223b733a373a226d656e755f6964223b733a313a2231223b733a393a226d656e755f6e616d65223b733a363a2253797374656d223b733a393a226d656e755f70617468223b733a373a2273797374656d73223b733a31303a226d656e755f6f72646572223b733a313a2231223b733a393a226d656e755f69636f6e223b733a32333a226d656e752d69636f6e2066612066612d6465736b746f70223b733a31323a227375626d656e755f6e616d65223b733a31343a2253797374656d204d6f64756c6573223b733a31323a227375626d656e755f70617468223b733a32313a2273797374656d732f6d616e6167655f6d6f64756c65223b733a31333a227375626d656e755f6f72646572223b733a313a2238223b733a31333a227375625f6d656e755f69636f6e223b733a313a222d223b7d693a393b613a31323a7b733a393a227269676874735f6964223b733a323a223337223b733a373a22726f6c655f6964223b733a313a2232223b733a31303a227375626d656e755f6964223b733a323a223134223b733a373a226d656e755f6964223b733a313a2231223b733a393a226d656e755f6e616d65223b733a363a2253797374656d223b733a393a226d656e755f70617468223b733a373a2273797374656d73223b733a31303a226d656e755f6f72646572223b733a313a2231223b733a393a226d656e755f69636f6e223b733a32333a226d656e752d69636f6e2066612066612d6465736b746f70223b733a31323a227375626d656e755f6e616d65223b733a31343a2253797374656d204d6f64756c6573223b733a31323a227375626d656e755f70617468223b733a32313a2273797374656d732f6d616e6167655f6d6f64756c65223b733a31333a227375626d656e755f6f72646572223b733a313a2238223b733a31333a227375625f6d656e755f69636f6e223b733a313a222d223b7d693a31303b613a31323a7b733a393a227269676874735f6964223b733a313a2235223b733a373a22726f6c655f6964223b733a313a2231223b733a31303a227375626d656e755f6964223b733a313a2235223b733a373a226d656e755f6964223b733a313a2231223b733a393a226d656e755f6e616d65223b733a363a2253797374656d223b733a393a226d656e755f70617468223b733a373a2273797374656d73223b733a31303a226d656e755f6f72646572223b733a313a2231223b733a393a226d656e755f69636f6e223b733a32333a226d656e752d69636f6e2066612066612d6465736b746f70223b733a31323a227375626d656e755f6e616d65223b733a31383a22537562204d656e752046756e6374696f6e73223b733a31323a227375626d656e755f70617468223b733a33333a2273797374656d732f6d616e6167655f7375625f6d656e755f66756e6374696f6e73223b733a31333a227375626d656e755f6f72646572223b733a313a2239223b733a31333a227375625f6d656e755f69636f6e223b733a303a22223b7d693a31313b613a31323a7b733a393a227269676874735f6964223b733a323a223136223b733a373a22726f6c655f6964223b733a313a2232223b733a31303a227375626d656e755f6964223b733a313a2235223b733a373a226d656e755f6964223b733a313a2231223b733a393a226d656e755f6e616d65223b733a363a2253797374656d223b733a393a226d656e755f70617468223b733a373a2273797374656d73223b733a31303a226d656e755f6f72646572223b733a313a2231223b733a393a226d656e755f69636f6e223b733a32333a226d656e752d69636f6e2066612066612d6465736b746f70223b733a31323a227375626d656e755f6e616d65223b733a31383a22537562204d656e752046756e6374696f6e73223b733a31323a227375626d656e755f70617468223b733a33333a2273797374656d732f6d616e6167655f7375625f6d656e755f66756e6374696f6e73223b733a31333a227375626d656e755f6f72646572223b733a313a2239223b733a31333a227375625f6d656e755f69636f6e223b733a303a22223b7d693a31323b613a31323a7b733a393a227269676874735f6964223b733a323a223131223b733a373a22726f6c655f6964223b733a313a2231223b733a31303a227375626d656e755f6964223b733a313a2239223b733a373a226d656e755f6964223b733a313a2231223b733a393a226d656e755f6e616d65223b733a363a2253797374656d223b733a393a226d656e755f70617468223b733a373a2273797374656d73223b733a31303a226d656e755f6f72646572223b733a313a2231223b733a393a226d656e755f69636f6e223b733a32333a226d656e752d69636f6e2066612066612d6465736b746f70223b733a31323a227375626d656e755f6e616d65223b733a32343a224d616e6167652046756e6374696f6e616c20526967687473223b733a31323a227375626d656e755f70617468223b733a33323a2273797374656d732f6d616e6167655f66756e6374696f6e616c5f726967687473223b733a31333a227375626d656e755f6f72646572223b733a323a223131223b733a31333a227375625f6d656e755f69636f6e223b733a333a226e6f6e223b7d693a31333b613a31323a7b733a393a227269676874735f6964223b733a323a223134223b733a373a22726f6c655f6964223b733a313a2232223b733a31303a227375626d656e755f6964223b733a313a2239223b733a373a226d656e755f6964223b733a313a2231223b733a393a226d656e755f6e616d65223b733a363a2253797374656d223b733a393a226d656e755f70617468223b733a373a2273797374656d73223b733a31303a226d656e755f6f72646572223b733a313a2231223b733a393a226d656e755f69636f6e223b733a32333a226d656e752d69636f6e2066612066612d6465736b746f70223b733a31323a227375626d656e755f6e616d65223b733a32343a224d616e6167652046756e6374696f6e616c20526967687473223b733a31323a227375626d656e755f70617468223b733a33323a2273797374656d732f6d616e6167655f66756e6374696f6e616c5f726967687473223b733a31333a227375626d656e755f6f72646572223b733a323a223131223b733a31333a227375625f6d656e755f69636f6e223b733a333a226e6f6e223b7d693a31343b613a31323a7b733a393a227269676874735f6964223b733a323a223239223b733a373a22726f6c655f6964223b733a313a2231223b733a31303a227375626d656e755f6964223b733a323a223131223b733a373a226d656e755f6964223b733a313a2235223b733a393a226d656e755f6e616d65223b733a31303a22506572616d6574657273223b733a393a226d656e755f70617468223b733a31303a22706572616d6574657273223b733a31303a226d656e755f6f72646572223b733a313a2233223b733a393a226d656e755f69636f6e223b733a31393a226d656e752d69636f6e2066612066612d746167223b733a31323a227375626d656e755f6e616d65223b733a31393a224d616e61676520436f73742043656e74726573223b733a31323a227375626d656e755f70617468223b733a33303a22706572616d65746572732f6d616e6167655f636f73745f63656e74657273223b733a31333a227375626d656e755f6f72646572223b733a313a2231223b733a31333a227375625f6d656e755f69636f6e223b733a313a222d223b7d693a31353b613a31323a7b733a393a227269676874735f6964223b733a323a223333223b733a373a22726f6c655f6964223b733a313a2232223b733a31303a227375626d656e755f6964223b733a323a223131223b733a373a226d656e755f6964223b733a313a2235223b733a393a226d656e755f6e616d65223b733a31303a22506572616d6574657273223b733a393a226d656e755f70617468223b733a31303a22706572616d6574657273223b733a31303a226d656e755f6f72646572223b733a313a2233223b733a393a226d656e755f69636f6e223b733a31393a226d656e752d69636f6e2066612066612d746167223b733a31323a227375626d656e755f6e616d65223b733a31393a224d616e61676520436f73742043656e74726573223b733a31323a227375626d656e755f70617468223b733a33303a22706572616d65746572732f6d616e6167655f636f73745f63656e74657273223b733a31333a227375626d656e755f6f72646572223b733a313a2231223b733a31333a227375625f6d656e755f69636f6e223b733a313a222d223b7d693a31363b613a31323a7b733a393a227269676874735f6964223b733a323a223330223b733a373a22726f6c655f6964223b733a313a2231223b733a31303a227375626d656e755f6964223b733a323a223132223b733a373a226d656e755f6964223b733a313a2235223b733a393a226d656e755f6e616d65223b733a31303a22506572616d6574657273223b733a393a226d656e755f70617468223b733a31303a22706572616d6574657273223b733a31303a226d656e755f6f72646572223b733a313a2233223b733a393a226d656e755f69636f6e223b733a31393a226d656e752d69636f6e2066612066612d746167223b733a31323a227375626d656e755f6e616d65223b733a31393a224d616e6167652064657369676e6174696f6e73223b733a31323a227375626d656e755f70617468223b733a33303a22706572616d65746572732f6d616e6167655f64657369676e6174696f6e73223b733a31333a227375626d656e755f6f72646572223b733a313a2233223b733a31333a227375625f6d656e755f69636f6e223b733a313a222d223b7d693a31373b613a31323a7b733a393a227269676874735f6964223b733a323a223334223b733a373a22726f6c655f6964223b733a313a2232223b733a31303a227375626d656e755f6964223b733a323a223132223b733a373a226d656e755f6964223b733a313a2235223b733a393a226d656e755f6e616d65223b733a31303a22506572616d6574657273223b733a393a226d656e755f70617468223b733a31303a22706572616d6574657273223b733a31303a226d656e755f6f72646572223b733a313a2233223b733a393a226d656e755f69636f6e223b733a31393a226d656e752d69636f6e2066612066612d746167223b733a31323a227375626d656e755f6e616d65223b733a31393a224d616e6167652064657369676e6174696f6e73223b733a31323a227375626d656e755f70617468223b733a33303a22706572616d65746572732f6d616e6167655f64657369676e6174696f6e73223b733a31333a227375626d656e755f6f72646572223b733a313a2233223b733a31333a227375625f6d656e755f69636f6e223b733a313a222d223b7d693a31383b613a31323a7b733a393a227269676874735f6964223b733a323a223331223b733a373a22726f6c655f6964223b733a313a2231223b733a31303a227375626d656e755f6964223b733a323a223133223b733a373a226d656e755f6964223b733a313a2235223b733a393a226d656e755f6e616d65223b733a31303a22506572616d6574657273223b733a393a226d656e755f70617468223b733a31303a22706572616d6574657273223b733a31303a226d656e755f6f72646572223b733a313a2233223b733a393a226d656e755f69636f6e223b733a31393a226d656e752d69636f6e2066612066612d746167223b733a31323a227375626d656e755f6e616d65223b733a31383a224d616e616765204465706172746d656e7473223b733a31323a227375626d656e755f70617468223b733a32393a22706572616d65746572732f6d616e6167655f6465706172746d656e7473223b733a31333a227375626d656e755f6f72646572223b733a313a2235223b733a31333a227375625f6d656e755f69636f6e223b733a313a222d223b7d693a31393b613a31323a7b733a393a227269676874735f6964223b733a323a223335223b733a373a22726f6c655f6964223b733a313a2232223b733a31303a227375626d656e755f6964223b733a323a223133223b733a373a226d656e755f6964223b733a313a2235223b733a393a226d656e755f6e616d65223b733a31303a22506572616d6574657273223b733a393a226d656e755f70617468223b733a31303a22706572616d6574657273223b733a31303a226d656e755f6f72646572223b733a313a2233223b733a393a226d656e755f69636f6e223b733a31393a226d656e752d69636f6e2066612066612d746167223b733a31323a227375626d656e755f6e616d65223b733a31383a224d616e616765204465706172746d656e7473223b733a31323a227375626d656e755f70617468223b733a32393a22706572616d65746572732f6d616e6167655f6465706172746d656e7473223b733a31333a227375626d656e755f6f72646572223b733a313a2235223b733a31333a227375625f6d656e755f69636f6e223b733a313a222d223b7d693a32303b613a31323a7b733a393a227269676874735f6964223b733a323a223238223b733a373a22726f6c655f6964223b733a313a2231223b733a31303a227375626d656e755f6964223b733a323a223130223b733a373a226d656e755f6964223b733a313a2235223b733a393a226d656e755f6e616d65223b733a31303a22506572616d6574657273223b733a393a226d656e755f70617468223b733a31303a22706572616d6574657273223b733a31303a226d656e755f6f72646572223b733a313a2233223b733a393a226d656e755f69636f6e223b733a31393a226d656e752d69636f6e2066612066612d746167223b733a31323a227375626d656e755f6e616d65223b733a31323a224d616e616765205573657273223b733a31323a227375626d656e755f70617468223b733a32333a22506572616d65746572732f6d616e6167655f7573657273223b733a31333a227375626d656e755f6f72646572223b733a313a2237223b733a31333a227375625f6d656e755f69636f6e223b733a313a222d223b7d693a32313b613a31323a7b733a393a227269676874735f6964223b733a323a223332223b733a373a22726f6c655f6964223b733a313a2232223b733a31303a227375626d656e755f6964223b733a323a223130223b733a373a226d656e755f6964223b733a313a2235223b733a393a226d656e755f6e616d65223b733a31303a22506572616d6574657273223b733a393a226d656e755f70617468223b733a31303a22706572616d6574657273223b733a31303a226d656e755f6f72646572223b733a313a2233223b733a393a226d656e755f69636f6e223b733a31393a226d656e752d69636f6e2066612066612d746167223b733a31323a227375626d656e755f6e616d65223b733a31323a224d616e616765205573657273223b733a31323a227375626d656e755f70617468223b733a32333a22506572616d65746572732f6d616e6167655f7573657273223b733a31333a227375626d656e755f6f72646572223b733a313a2237223b733a31333a227375625f6d656e755f69636f6e223b733a313a222d223b7d693a32323b613a31323a7b733a393a227269676874735f6964223b733a323a223338223b733a373a22726f6c655f6964223b733a313a2231223b733a31303a227375626d656e755f6964223b733a323a223135223b733a373a226d656e755f6964223b733a313a2235223b733a393a226d656e755f6e616d65223b733a31303a22506572616d6574657273223b733a393a226d656e755f70617468223b733a31303a22706572616d6574657273223b733a31303a226d656e755f6f72646572223b733a313a2233223b733a393a226d656e755f69636f6e223b733a31393a226d656e752d69636f6e2066612066612d746167223b733a31323a227375626d656e755f6e616d65223b733a32303a224d616e616765204d6f64756c6520526967687473223b733a31323a227375626d656e755f70617468223b733a33313a22706572616d65746572732f6d616e6167655f6d6f64756c655f726967687473223b733a31333a227375626d656e755f6f72646572223b733a313a2239223b733a31333a227375625f6d656e755f69636f6e223b733a313a222d223b7d693a32333b613a31323a7b733a393a227269676874735f6964223b733a323a223138223b733a373a22726f6c655f6964223b733a313a2232223b733a31303a227375626d656e755f6964223b733a313a2236223b733a373a226d656e755f6964223b733a313a2232223b733a393a226d656e755f6e616d65223b733a353a224361706578223b733a393a226d656e755f70617468223b733a353a226361706578223b733a31303a226d656e755f6f72646572223b733a313a2235223b733a393a226d656e755f69636f6e223b733a32303a226d656e752d69636f6e2066612066612d6c697374223b733a31323a227375626d656e755f6e616d65223b733a31323a224d616e616765204361706578223b733a31323a227375626d656e755f70617468223b733a31313a2263617065782f696e646578223b733a31333a227375626d656e755f6f72646572223b733a313a2231223b733a31333a227375625f6d656e755f69636f6e223b733a303a22223b7d693a32343b613a31323a7b733a393a227269676874735f6964223b733a313a2236223b733a373a22726f6c655f6964223b733a313a2231223b733a31303a227375626d656e755f6964223b733a313a2236223b733a373a226d656e755f6964223b733a313a2232223b733a393a226d656e755f6e616d65223b733a353a224361706578223b733a393a226d656e755f70617468223b733a353a226361706578223b733a31303a226d656e755f6f72646572223b733a313a2235223b733a393a226d656e755f69636f6e223b733a32303a226d656e752d69636f6e2066612066612d6c697374223b733a31323a227375626d656e755f6e616d65223b733a31323a224d616e616765204361706578223b733a31323a227375626d656e755f70617468223b733a31313a2263617065782f696e646578223b733a31333a227375626d656e755f6f72646572223b733a313a2231223b733a31333a227375625f6d656e755f69636f6e223b733a303a22223b7d7d6d656e757c613a333a7b693a313b613a363a7b733a373a226d656e755f6964223b733a313a2231223b733a393a226d656e755f6e616d65223b733a363a2253797374656d223b733a393a226d656e755f70617468223b733a373a2273797374656d73223b733a31303a226d656e755f6f72646572223b733a313a2231223b733a393a226d656e755f69636f6e223b733a32333a226d656e752d69636f6e2066612066612d6465736b746f70223b733a393a227375625f6d656e7573223b613a373a7b693a323b613a363a7b733a373a226d656e755f6964223b733a313a2231223b733a31303a227375626d656e755f6964223b733a313a2232223b733a31323a227375626d656e755f6e616d65223b733a31323a224d616e616765204d656e7573223b733a31323a227375626d656e755f70617468223b733a32303a2273797374656d732f6d616e6167655f6d656e7573223b733a31333a227375626d656e755f6f72646572223b733a313a2231223b733a31333a227375625f6d656e755f69636f6e223b733a303a22223b7d693a333b613a363a7b733a373a226d656e755f6964223b733a313a2231223b733a31303a227375626d656e755f6964223b733a313a2233223b733a31323a227375626d656e755f6e616d65223b733a31363a224d616e61676520537562204d656e7573223b733a31323a227375626d656e755f70617468223b733a32343a2273797374656d732f6d616e6167655f7375625f6d656e7573223b733a31333a227375626d656e755f6f72646572223b733a313a2233223b733a31333a227375625f6d656e755f69636f6e223b733a303a22223b7d693a343b613a363a7b733a373a226d656e755f6964223b733a313a2231223b733a31303a227375626d656e755f6964223b733a313a2234223b733a31323a227375626d656e755f6e616d65223b733a31373a224d616e616765205573657220526f6c6573223b733a31323a227375626d656e755f70617468223b733a32353a2273797374656d732f6d616e6167655f757365725f726f6c6573223b733a31333a227375626d656e755f6f72646572223b733a313a2235223b733a31333a227375625f6d656e755f69636f6e223b733a303a22223b7d693a313b613a363a7b733a373a226d656e755f6964223b733a313a2231223b733a31303a227375626d656e755f6964223b733a313a2231223b733a31323a227375626d656e755f6e616d65223b733a31383a224d616e616765205573657220526967687473223b733a31323a227375626d656e755f70617468223b733a32363a2273797374656d732f6d616e6167655f757365725f726967687473223b733a31333a227375626d656e755f6f72646572223b733a313a2237223b733a31333a227375625f6d656e755f69636f6e223b733a303a22223b7d693a31343b613a363a7b733a373a226d656e755f6964223b733a313a2231223b733a31303a227375626d656e755f6964223b733a323a223134223b733a31323a227375626d656e755f6e616d65223b733a31343a2253797374656d204d6f64756c6573223b733a31323a227375626d656e755f70617468223b733a32313a2273797374656d732f6d616e6167655f6d6f64756c65223b733a31333a227375626d656e755f6f72646572223b733a313a2238223b733a31333a227375625f6d656e755f69636f6e223b733a313a222d223b7d693a353b613a363a7b733a373a226d656e755f6964223b733a313a2231223b733a31303a227375626d656e755f6964223b733a313a2235223b733a31323a227375626d656e755f6e616d65223b733a31383a22537562204d656e752046756e6374696f6e73223b733a31323a227375626d656e755f70617468223b733a33333a2273797374656d732f6d616e6167655f7375625f6d656e755f66756e6374696f6e73223b733a31333a227375626d656e755f6f72646572223b733a313a2239223b733a31333a227375625f6d656e755f69636f6e223b733a303a22223b7d693a393b613a363a7b733a373a226d656e755f6964223b733a313a2231223b733a31303a227375626d656e755f6964223b733a313a2239223b733a31323a227375626d656e755f6e616d65223b733a32343a224d616e6167652046756e6374696f6e616c20526967687473223b733a31323a227375626d656e755f70617468223b733a33323a2273797374656d732f6d616e6167655f66756e6374696f6e616c5f726967687473223b733a31333a227375626d656e755f6f72646572223b733a323a223131223b733a31333a227375625f6d656e755f69636f6e223b733a333a226e6f6e223b7d7d7d693a353b613a363a7b733a373a226d656e755f6964223b733a313a2235223b733a393a226d656e755f6e616d65223b733a31303a22506572616d6574657273223b733a393a226d656e755f70617468223b733a31303a22706572616d6574657273223b733a31303a226d656e755f6f72646572223b733a313a2233223b733a393a226d656e755f69636f6e223b733a31393a226d656e752d69636f6e2066612066612d746167223b733a393a227375625f6d656e7573223b613a353a7b693a31313b613a363a7b733a373a226d656e755f6964223b733a313a2235223b733a31303a227375626d656e755f6964223b733a323a223131223b733a31323a227375626d656e755f6e616d65223b733a31393a224d616e61676520436f73742043656e74726573223b733a31323a227375626d656e755f70617468223b733a33303a22706572616d65746572732f6d616e6167655f636f73745f63656e74657273223b733a31333a227375626d656e755f6f72646572223b733a313a2231223b733a31333a227375625f6d656e755f69636f6e223b733a313a222d223b7d693a31323b613a363a7b733a373a226d656e755f6964223b733a313a2235223b733a31303a227375626d656e755f6964223b733a323a223132223b733a31323a227375626d656e755f6e616d65223b733a31393a224d616e6167652064657369676e6174696f6e73223b733a31323a227375626d656e755f70617468223b733a33303a22706572616d65746572732f6d616e6167655f64657369676e6174696f6e73223b733a31333a227375626d656e755f6f72646572223b733a313a2233223b733a31333a227375625f6d656e755f69636f6e223b733a313a222d223b7d693a31333b613a363a7b733a373a226d656e755f6964223b733a313a2235223b733a31303a227375626d656e755f6964223b733a323a223133223b733a31323a227375626d656e755f6e616d65223b733a31383a224d616e616765204465706172746d656e7473223b733a31323a227375626d656e755f70617468223b733a32393a22706572616d65746572732f6d616e6167655f6465706172746d656e7473223b733a31333a227375626d656e755f6f72646572223b733a313a2235223b733a31333a227375625f6d656e755f69636f6e223b733a313a222d223b7d693a31303b613a363a7b733a373a226d656e755f6964223b733a313a2235223b733a31303a227375626d656e755f6964223b733a323a223130223b733a31323a227375626d656e755f6e616d65223b733a31323a224d616e616765205573657273223b733a31323a227375626d656e755f70617468223b733a32333a22506572616d65746572732f6d616e6167655f7573657273223b733a31333a227375626d656e755f6f72646572223b733a313a2237223b733a31333a227375625f6d656e755f69636f6e223b733a313a222d223b7d693a31353b613a363a7b733a373a226d656e755f6964223b733a313a2235223b733a31303a227375626d656e755f6964223b733a323a223135223b733a31323a227375626d656e755f6e616d65223b733a32303a224d616e616765204d6f64756c6520526967687473223b733a31323a227375626d656e755f70617468223b733a33313a22706572616d65746572732f6d616e6167655f6d6f64756c655f726967687473223b733a31333a227375626d656e755f6f72646572223b733a313a2239223b733a31333a227375625f6d656e755f69636f6e223b733a313a222d223b7d7d7d693a323b613a363a7b733a373a226d656e755f6964223b733a313a2232223b733a393a226d656e755f6e616d65223b733a353a224361706578223b733a393a226d656e755f70617468223b733a353a226361706578223b733a31303a226d656e755f6f72646572223b733a313a2235223b733a393a226d656e755f69636f6e223b733a32303a226d656e752d69636f6e2066612066612d6c697374223b733a393a227375625f6d656e7573223b613a313a7b693a363b613a363a7b733a373a226d656e755f6964223b733a313a2232223b733a31303a227375626d656e755f6964223b733a313a2236223b733a31323a227375626d656e755f6e616d65223b733a31323a224d616e616765204361706578223b733a31323a227375626d656e755f70617468223b733a31313a2263617065782f696e646578223b733a31333a227375626d656e755f6f72646572223b733a313a2231223b733a31333a227375625f6d656e755f69636f6e223b733a303a22223b7d7d7d7d);

-- --------------------------------------------------------

--
-- Table structure for table `pr_cost_centres`
--

CREATE TABLE `pr_cost_centres` (
  `id` int(11) NOT NULL,
  `code` varchar(20) NOT NULL,
  `description` varchar(100) NOT NULL,
  `address` varchar(500) NOT NULL,
  `status` tinyint(5) NOT NULL DEFAULT '1',
  `is_dispatch_to` tinyint(5) NOT NULL DEFAULT '1'
) ENGINE=InnoDB DEFAULT CHARSET=latin1;

--
-- Dumping data for table `pr_cost_centres`
--

INSERT INTO `pr_cost_centres` (`id`, `code`, `description`, `address`, `status`, `is_dispatch_to`) VALUES
(1, 'CC1', 'cost centre 1', 'cost centre 1', 1, 1),
(2, 'CC2', 'cost centre 2', 'cost centre 2', 1, 1),
(3, 'CC3', 'cost centre 3', 'cost centre 3', 1, 1),
(4, 'CC4', 'cost centre 4', 'cost centre 4', 1, 1);

-- --------------------------------------------------------

--
-- Table structure for table `pr_departments`
--

CREATE TABLE `pr_departments` (
  `id` int(11) NOT NULL,
  `code` varchar(10) NOT NULL,
  `description` varchar(50) NOT NULL,
  `status` tinyint(5) NOT NULL DEFAULT '1'
) ENGINE=InnoDB DEFAULT CHARSET=latin1;

--
-- Dumping data for table `pr_departments`
--

INSERT INTO `pr_departments` (`id`, `code`, `description`, `status`) VALUES
(1, 'IT', 'Information & Technology', 1),
(4, 'FIN', 'Finance', 1),
(5, 'ADMIN', 'administration', 1);

-- --------------------------------------------------------

--
-- Table structure for table `pr_designations`
--

CREATE TABLE `pr_designations` (
  `id` int(11) NOT NULL,
  `description` varchar(100) NOT NULL,
  `status` tinyint(5) NOT NULL
) ENGINE=InnoDB DEFAULT CHARSET=latin1;

--
-- Dumping data for table `pr_designations`
--

INSERT INTO `pr_designations` (`id`, `description`, `status`) VALUES
(1, 'Manager', 1),
(2, 'Supervisor', 1),
(3, 'Administrator', 1),
(4, 'Normal User', 1);

-- --------------------------------------------------------

--
-- Table structure for table `pr_menus`
--

CREATE TABLE `pr_menus` (
  `id` int(11) NOT NULL,
  `name` varchar(100) NOT NULL,
  `path` varchar(200) NOT NULL,
  `dispaly_order` int(5) NOT NULL,
  `status` tinyint(5) NOT NULL,
  `icon_name` varchar(100) NOT NULL DEFAULT ''
) ENGINE=InnoDB DEFAULT CHARSET=latin1;

--
-- Dumping data for table `pr_menus`
--

INSERT INTO `pr_menus` (`id`, `name`, `path`, `dispaly_order`, `status`, `icon_name`) VALUES
(1, 'System', 'systems', 1, 1, 'menu-icon fa fa-desktop'),
(2, 'Capex', 'capex', 5, 1, 'menu-icon fa fa-list'),
(3, 'PO', 'po', 7, 1, 'menu-icon fa fa-list-alt'),
(4, 'Stationery', 'stationery', 9, 1, 'menu-icon fa fa-pencil-square-o'),
(5, 'Perameters', 'perameters', 3, 1, 'menu-icon fa fa-tag'),
(12, 'test', 'test', 1, 1, 'menu-icon fa fa-list');

-- --------------------------------------------------------

--
-- Table structure for table `pr_modules`
--

CREATE TABLE `pr_modules` (
  `id` int(11) NOT NULL,
  `description` varchar(100) NOT NULL,
  `status` tinyint(5) NOT NULL DEFAULT '1'
) ENGINE=InnoDB DEFAULT CHARSET=latin1;

--
-- Dumping data for table `pr_modules`
--

INSERT INTO `pr_modules` (`id`, `description`, `status`) VALUES
(1, 'Add', 1),
(2, 'Edit', 1),
(3, 'View', 1),
(4, 'Common Grid view', 1),
(5, 'Remove', 1),
(6, 'view_edit_remove', 1);

-- --------------------------------------------------------

--
-- Table structure for table `pr_roles`
--

CREATE TABLE `pr_roles` (
  `id` int(11) NOT NULL,
  `description` varchar(100) NOT NULL,
  `status` tinyint(5) NOT NULL DEFAULT '1'
) ENGINE=InnoDB DEFAULT CHARSET=latin1;

--
-- Dumping data for table `pr_roles`
--

INSERT INTO `pr_roles` (`id`, `description`, `status`) VALUES
(1, 'Admin', 1),
(2, 'Capex', 1),
(3, 'Po', 1),
(4, 'Stationery', 1),
(5, 'test', 1);

-- --------------------------------------------------------

--
-- Table structure for table `pr_roles_rights`
--

CREATE TABLE `pr_roles_rights` (
  `id` int(11) NOT NULL,
  `role_id` int(11) NOT NULL,
  `submenu_id` int(11) NOT NULL,
  `status` tinyint(5) NOT NULL
) ENGINE=InnoDB DEFAULT CHARSET=latin1;

--
-- Dumping data for table `pr_roles_rights`
--

INSERT INTO `pr_roles_rights` (`id`, `role_id`, `submenu_id`, `status`) VALUES
(2, 1, 2, 1),
(3, 1, 3, 1),
(4, 1, 4, 1),
(5, 1, 5, 1),
(6, 1, 6, 1),
(10, 1, 1, 1),
(11, 1, 9, 1),
(12, 2, 1, 1),
(13, 2, 4, 1),
(14, 2, 9, 1),
(15, 2, 2, 1),
(16, 2, 5, 1),
(17, 2, 3, 1),
(18, 2, 6, 1),
(19, 3, 1, 1),
(20, 3, 2, 1),
(21, 3, 3, 1),
(22, 3, 4, 1),
(23, 3, 5, 1),
(24, 3, 6, 1),
(25, 3, 9, 1),
(26, 4, 1, 1),
(27, 4, 6, 1),
(28, 1, 10, 1),
(29, 1, 11, 1),
(30, 1, 12, 1),
(31, 1, 13, 1),
(32, 2, 10, 1),
(33, 2, 11, 1),
(34, 2, 12, 1),
(35, 2, 13, 1),
(36, 1, 14, 1),
(37, 2, 14, 1),
(38, 1, 15, 1),
(39, 3, 16, 1),
(40, 3, 18, 1),
(41, 3, 10, 1),
(42, 3, 11, 1),
(43, 3, 12, 1),
(44, 3, 13, 1),
(45, 3, 14, 1),
(46, 3, 15, 1),
(47, 3, 17, 1),
(48, 1, 33, 1),
(49, 5, 1, 1),
(50, 5, 2, 1),
(51, 5, 3, 1),
(52, 5, 4, 1),
(53, 5, 5, 1),
(54, 5, 6, 1),
(55, 5, 9, 1),
(56, 5, 10, 1),
(57, 5, 11, 1),
(58, 5, 12, 1),
(59, 5, 13, 1),
(60, 5, 14, 1),
(61, 5, 15, 1),
(62, 5, 16, 1),
(63, 5, 17, 1),
(64, 5, 18, 1),
(65, 5, 33, 1),
(66, 5, 34, 1);

-- --------------------------------------------------------

--
-- Table structure for table `pr_submenu_functions`
--

CREATE TABLE `pr_submenu_functions` (
  `id` int(11) NOT NULL,
  `function_name` varchar(250) NOT NULL,
  `sub_menu_id` int(11) NOT NULL,
  `module_id` int(11) NOT NULL,
  `status` int(11) NOT NULL DEFAULT '1'
) ENGINE=InnoDB DEFAULT CHARSET=latin1;

--
-- Dumping data for table `pr_submenu_functions`
--

INSERT INTO `pr_submenu_functions` (`id`, `function_name`, `sub_menu_id`, `module_id`, `status`) VALUES
(1, 'add_menus', 2, 1, 1),
(2, 'edit_menus', 2, 2, 1),
(3, 'view_menus', 2, 4, 1),
(4, 'add_sub_menus', 3, 1, 1),
(5, 'add_user_roles', 4, 1, 1),
(6, 'add_user_right', 1, 1, 1),
(7, 'add_sub_menu_functions', 5, 1, 1),
(8, 'edit_sub_menu_functions', 5, 2, 1),
(9, 'add_functinal_rights', 9, 1, 1),
(10, 'get_submenu_functions_by_ajax', 9, 4, 1),
(11, 'get_assign_submenus_by_ajax', 1, 4, 1),
(12, 'view_menu_by_id', 2, 6, 1),
(13, 'remove_menus', 2, 5, 1),
(14, 'view_sub_menus', 3, 4, 1),
(15, 'view_sub_menu_by_id', 3, 6, 1),
(16, 'edit_sub_menus', 3, 2, 1),
(17, 'remove_sub_menus', 3, 5, 1),
(18, 'view_user_roles', 4, 4, 1),
(19, 'view_role_by_id', 4, 6, 1),
(20, 'edit_user_roles', 4, 2, 1),
(21, 'remove_user_roles', 4, 5, 1),
(22, 'get_all_rights_by_ajax', 1, 4, 1),
(23, 'view_sub_menu_functions', 5, 4, 1),
(24, 'view_sub_menu_func_by_id', 5, 6, 1),
(27, 'remove_sub_menu_functions', 5, 5, 1),
(28, 'get_all_func_rights_by_ajax', 9, 4, 1),
(29, 'add_users', 10, 1, 1),
(30, 'edit_users', 10, 2, 1),
(31, 'view_users', 10, 4, 1),
(32, 'remove_users', 10, 5, 1),
(34, 'edit_cost_centre', 11, 2, 1),
(35, 'view_cost_centre', 11, 4, 1),
(36, 'remove_cost_centre', 11, 5, 1),
(37, 'add_designation', 12, 1, 1),
(38, 'view_designation', 12, 4, 1),
(39, 'edit_designation', 12, 2, 1),
(40, 'remove_designation', 12, 5, 1),
(41, 'add_cost_centres', 11, 1, 1),
(42, 'view_cost_centres_by_id', 11, 6, 1),
(43, 'view_designation_by_id', 12, 6, 1),
(44, 'view_user_by_id', 10, 6, 1),
(45, 'add_department', 13, 1, 1),
(46, 'view_departments', 13, 4, 1),
(47, 'view_departments_by_id', 13, 6, 1),
(48, 'edit_department', 13, 2, 1),
(49, 'remove_department', 13, 5, 1),
(50, 'add_modules', 14, 1, 1),
(51, 'view_modules', 14, 4, 1),
(52, 'view_modules_by_id', 14, 6, 1),
(53, 'edit_modules', 14, 2, 1),
(54, 'remove_modules', 14, 5, 1),
(55, 'get_all_assign_user_rights_by_ajax', 15, 4, 1),
(56, 'update_module_rights', 15, 2, 1),
(57, 'add_user_rights_for_user_roles', 15, 1, 1);

-- --------------------------------------------------------

--
-- Table structure for table `pr_sub_menus`
--

CREATE TABLE `pr_sub_menus` (
  `id` int(11) NOT NULL,
  `name` varchar(100) NOT NULL,
  `path` varchar(200) NOT NULL,
  `menu_id` int(11) NOT NULL,
  `display_order` int(5) NOT NULL,
  `status` tinyint(5) NOT NULL,
  `icon_name` varchar(100) NOT NULL DEFAULT ''
) ENGINE=InnoDB DEFAULT CHARSET=latin1;

--
-- Dumping data for table `pr_sub_menus`
--

INSERT INTO `pr_sub_menus` (`id`, `name`, `path`, `menu_id`, `display_order`, `status`, `icon_name`) VALUES
(1, 'Manage User Rights', 'systems/manage_user_rights', 1, 7, 1, ''),
(2, 'Manage Menus', 'systems/manage_menus', 1, 1, 1, ''),
(3, 'Manage Sub Menus', 'systems/manage_sub_menus', 1, 3, 1, ''),
(4, 'Manage User Roles', 'systems/manage_user_roles', 1, 5, 1, ''),
(5, 'Sub Menu Functions', 'systems/manage_sub_menu_functions', 1, 9, 1, ''),
(6, 'Manage Capex', 'capex/index', 2, 1, 1, ''),
(9, 'Manage Functional Rights', 'systems/manage_functional_rights', 1, 11, 1, 'non'),
(10, 'Manage Users', 'Perameters/manage_users', 5, 7, 1, '-'),
(11, 'Manage Cost Centres', 'perameters/manage_cost_centers', 5, 1, 1, '-'),
(12, 'Manage designations', 'perameters/manage_designations', 5, 3, 1, '-'),
(13, 'Manage Departments', 'perameters/manage_departments', 5, 5, 1, '-'),
(14, 'System Modules', 'systems/manage_module', 1, 8, 1, '-'),
(15, 'Manage Module Rights', 'perameters/manage_module_rights', 5, 9, 1, '-'),
(35, 'Manage Test', 'test/manage_test', 12, 1, 1, '-');

-- --------------------------------------------------------

--
-- Table structure for table `pr_users`
--

CREATE TABLE `pr_users` (
  `id` int(11) NOT NULL COMMENT 'auto increment',
  `user_id` varchar(10) NOT NULL COMMENT 'unic number like EPF',
  `user_name` varchar(100) NOT NULL,
  `password` varchar(500) NOT NULL,
  `email` varchar(200) NOT NULL,
  `supervisor` varchar(10) NOT NULL,
  `status` tinyint(5) NOT NULL DEFAULT '1',
  `esignature` longblob NOT NULL,
  `original_name` varchar(200) NOT NULL
) ENGINE=InnoDB DEFAULT CHARSET=latin1;

--
-- Dumping data for table `pr_users`
--

INSERT INTO `pr_users` (`id`, `user_id`, `user_name`, `password`, `email`, `supervisor`, `status`, `esignature`, `original_name`) VALUES
(1, 'admin', 'Admin', '0192023a7bbd73250516f069df18b500', 'admin@tryonics.com', 'admin', 1, '', ''),
(3, '111', '111', '70720a52e04d35bad3b2c357e713ab96', '111@111.111', 'admin', 1, '', ''),
(4, 'aaa', 'Aaa', 'aaaa', 'aaa@aaa.aaa', 'admin', 1, '', ''),
(6, 'aaaa1', 'Aaa', 'd16ccd502f804ae5d9da198b4b0a9cf0', 'aaa@aaa.aaa', 'admin', 1, '', '');

-- --------------------------------------------------------

--
-- Table structure for table `pr_users_costcentres`
--

CREATE TABLE `pr_users_costcentres` (
  `id` int(11) NOT NULL,
  `user_id` varchar(10) NOT NULL,
  `costcentre_code` varchar(20) NOT NULL,
  `is_primary` tinyint(5) NOT NULL DEFAULT '0',
  `status` tinyint(5) NOT NULL DEFAULT '1'
) ENGINE=InnoDB DEFAULT CHARSET=latin1;

--
-- Dumping data for table `pr_users_costcentres`
--

INSERT INTO `pr_users_costcentres` (`id`, `user_id`, `costcentre_code`, `is_primary`, `status`) VALUES
(1, 'admin', 'CC1', 1, 1),
(2, 'admin', 'CC2', 0, 1),
(3, 'admin', 'CC3', 0, 1),
(4, 'admin', 'CC4', 0, 1),
(9, 'aaa', 'CC1', 1, 1),
(10, 'aaa', 'CC3', 0, 1),
(39, 'aaaa1', 'CC1', 1, 1),
(40, 'aaaa1', 'CC3', 0, 1),
(43, '111', 'CC1', 1, 1),
(44, '111', 'CC3', 0, 1);

-- --------------------------------------------------------

--
-- Table structure for table `pr_users_departments`
--

CREATE TABLE `pr_users_departments` (
  `id` int(11) NOT NULL,
  `user_id` varchar(10) NOT NULL,
  `department_code` varchar(10) NOT NULL,
  `is_primary` tinyint(5) NOT NULL DEFAULT '0',
  `status` tinyint(5) NOT NULL DEFAULT '0'
) ENGINE=InnoDB DEFAULT CHARSET=latin1;

--
-- Dumping data for table `pr_users_departments`
--

INSERT INTO `pr_users_departments` (`id`, `user_id`, `department_code`, `is_primary`, `status`) VALUES
(35, 'aaaa1', 'ADMIN', 1, 1),
(36, 'aaaa1', 'IT', 0, 1),
(39, '111', 'ADMIN', 1, 1),
(40, '111', 'FIN', 0, 1);

-- --------------------------------------------------------

--
-- Table structure for table `pr_users_designations`
--

CREATE TABLE `pr_users_designations` (
  `id` int(11) NOT NULL,
  `user_id` varchar(10) NOT NULL,
  `designation_id` int(11) NOT NULL,
  `status` tinyint(5) NOT NULL,
  `is_primary` tinyint(5) NOT NULL
) ENGINE=InnoDB DEFAULT CHARSET=latin1;

--
-- Dumping data for table `pr_users_designations`
--

INSERT INTO `pr_users_designations` (`id`, `user_id`, `designation_id`, `status`, `is_primary`) VALUES
(1, 'admin', 1, 1, 1),
(2, 'admin', 2, 1, 0),
(7, 'aaa', 3, 1, 1),
(8, 'aaa', 2, 1, 0),
(37, 'aaaa1', 3, 1, 1),
(38, 'aaaa1', 2, 1, 0),
(41, '111', 3, 1, 1),
(42, '111', 4, 1, 0);

-- --------------------------------------------------------

--
-- Table structure for table `pr_users_roles`
--

CREATE TABLE `pr_users_roles` (
  `id` int(11) NOT NULL,
  `user_id` varchar(10) NOT NULL,
  `role_id` int(11) NOT NULL,
  `is_primary` tinyint(5) NOT NULL DEFAULT '0',
  `status` tinyint(5) NOT NULL DEFAULT '1'
) ENGINE=InnoDB DEFAULT CHARSET=latin1;

--
-- Dumping data for table `pr_users_roles`
--

INSERT INTO `pr_users_roles` (`id`, `user_id`, `role_id`, `is_primary`, `status`) VALUES
(1, 'admin', 1, 1, 1),
(2, 'admin', 2, 0, 1),
(14, 'aaaa1', 2, 1, 1),
(16, '111', 5, 1, 1);

-- --------------------------------------------------------

--
-- Table structure for table `pr_user_submenu_function_rights`
--

CREATE TABLE `pr_user_submenu_function_rights` (
  `id` int(11) NOT NULL,
  `user_id` varchar(10) NOT NULL,
  `submenu_function_id` int(11) NOT NULL,
  `status` int(11) NOT NULL DEFAULT '1'
) ENGINE=InnoDB DEFAULT CHARSET=latin1;

--
-- Dumping data for table `pr_user_submenu_function_rights`
--

INSERT INTO `pr_user_submenu_function_rights` (`id`, `user_id`, `submenu_function_id`, `status`) VALUES
(1, 'admin', 1, 1),
(3, 'admin', 3, 1),
(4, 'admin', 4, 1),
(5, 'admin', 5, 1),
(6, 'admin', 6, 1),
(7, 'admin', 7, 1),
(8, 'admin', 9, 1),
(9, 'admin', 8, 1),
(10, 'admin', 10, 1),
(11, 'admin', 2, 1),
(12, 'admin', 11, 1),
(13, 'admin', 12, 1),
(14, 'admin', 13, 1),
(15, 'admin', 14, 1),
(16, 'admin', 15, 1),
(17, 'admin', 16, 1),
(18, 'admin', 17, 1),
(19, 'admin', 18, 1),
(20, 'admin', 19, 1),
(21, 'admin', 20, 1),
(22, 'admin', 21, 1),
(23, 'admin', 22, 1),
(24, 'admin', 23, 1),
(25, 'admin', 24, 1),
(26, 'admin', 27, 1),
(27, 'admin', 28, 1),
(28, 'admin', 29, 1),
(29, 'admin', 30, 1),
(30, 'admin', 31, 1),
(31, 'admin', 32, 1),
(33, 'admin', 34, 1),
(34, 'admin', 35, 1),
(35, 'admin', 36, 1),
(36, 'admin', 37, 1),
(37, 'admin', 38, 1),
(38, 'admin', 39, 1),
(39, 'admin', 40, 1),
(40, 'admin', 41, 1),
(41, 'admin', 42, 1),
(42, 'admin', 43, 1),
(43, 'admin', 44, 1),
(44, 'admin', 45, 1),
(45, 'admin', 46, 1),
(46, 'admin', 47, 1),
(47, 'admin', 48, 1),
(48, 'admin', 49, 1),
(49, 'admin', 50, 1),
(50, 'admin', 51, 1),
(51, 'admin', 52, 1),
(52, 'admin', 53, 1),
(53, 'admin', 54, 1),
(54, 'admin', 55, 1),
(55, 'admin', 56, 1),
(56, 'admin', 57, 1),
(57, 'aaaa1', 1, 1),
(58, 'aaaa1', 2, 1),
(59, 'aaaa1', 3, 1),
(60, 'aaaa1', 12, 1),
(61, 'aaaa1', 13, 1),
(62, 'aaaa1', 4, 1),
(63, 'aaaa1', 14, 1),
(64, 'aaaa1', 15, 1),
(65, 'aaaa1', 16, 1),
(66, 'aaaa1', 17, 1),
(67, 'aaaa1', 5, 1),
(68, 'aaaa1', 18, 1),
(69, 'aaaa1', 19, 1),
(70, 'aaaa1', 20, 1),
(71, 'aaaa1', 21, 1),
(72, 'aaaa1', 7, 1),
(73, 'aaaa1', 8, 1),
(74, 'aaaa1', 23, 1),
(75, 'aaaa1', 24, 1),
(76, 'aaaa1', 27, 1),
(77, 'aaaa1', 6, 1),
(78, 'aaaa1', 11, 1),
(79, 'aaaa1', 22, 1),
(80, 'aaaa1', 9, 1),
(81, 'aaaa1', 10, 1),
(82, 'aaaa1', 28, 1),
(83, 'aaaa1', 29, 1),
(84, 'aaaa1', 30, 1),
(85, 'aaaa1', 31, 1),
(86, 'aaaa1', 32, 1),
(87, 'aaaa1', 44, 1),
(88, 'aaaa1', 34, 1),
(89, 'aaaa1', 35, 1),
(90, 'aaaa1', 36, 1),
(91, 'aaaa1', 41, 1),
(92, 'aaaa1', 42, 1),
(93, 'aaaa1', 37, 1),
(94, 'aaaa1', 38, 1),
(95, 'aaaa1', 39, 1),
(96, 'aaaa1', 40, 1),
(97, 'aaaa1', 43, 1),
(98, 'aaaa1', 45, 1),
(99, 'aaaa1', 46, 1),
(100, 'aaaa1', 47, 1),
(101, 'aaaa1', 48, 1),
(102, 'aaaa1', 49, 1),
(103, 'aaaa1', 50, 1),
(104, 'aaaa1', 51, 1),
(105, 'aaaa1', 52, 1),
(106, 'aaaa1', 53, 1),
(107, 'aaaa1', 54, 1),
(108, 'aaaa1', 55, 0),
(109, 'aaaa1', 56, 0),
(110, 'aaaa1', 57, 0),
(219, '111', 1, 1),
(220, '111', 2, 1),
(221, '111', 3, 1),
(222, '111', 12, 1),
(223, '111', 13, 1),
(224, '111', 4, 1),
(225, '111', 14, 1),
(226, '111', 15, 1),
(227, '111', 16, 1),
(228, '111', 17, 1),
(229, '111', 5, 1),
(230, '111', 18, 1),
(231, '111', 19, 1),
(232, '111', 20, 1),
(233, '111', 21, 1),
(234, '111', 7, 1),
(235, '111', 8, 1),
(236, '111', 23, 1),
(237, '111', 24, 1),
(238, '111', 27, 1),
(239, '111', 6, 1),
(240, '111', 11, 1),
(241, '111', 22, 1),
(242, '111', 9, 1),
(243, '111', 10, 1),
(244, '111', 28, 1),
(245, '111', 29, 1),
(246, '111', 30, 1),
(247, '111', 31, 1),
(248, '111', 32, 1),
(249, '111', 44, 1),
(250, '111', 34, 1),
(251, '111', 35, 1),
(252, '111', 36, 1),
(253, '111', 41, 1),
(254, '111', 42, 1),
(255, '111', 37, 1),
(256, '111', 38, 1),
(257, '111', 39, 1),
(258, '111', 40, 1),
(259, '111', 43, 1),
(260, '111', 45, 1),
(261, '111', 46, 1),
(262, '111', 47, 1),
(263, '111', 48, 1),
(264, '111', 49, 1),
(265, '111', 50, 1),
(266, '111', 51, 1),
(267, '111', 52, 1),
(268, '111', 53, 1),
(269, '111', 54, 1),
(270, '111', 55, 1),
(271, '111', 56, 1),
(272, '111', 57, 1);

--
-- Indexes for dumped tables
--

--
-- Indexes for table `ci_sessions`
--
ALTER TABLE `ci_sessions`
  ADD PRIMARY KEY (`id`),
  ADD KEY `ci_sessions_timestamp` (`timestamp`);

--
-- Indexes for table `pr_cost_centres`
--
ALTER TABLE `pr_cost_centres`
  ADD PRIMARY KEY (`id`),
  ADD UNIQUE KEY `code` (`code`);

--
-- Indexes for table `pr_departments`
--
ALTER TABLE `pr_departments`
  ADD PRIMARY KEY (`id`),
  ADD UNIQUE KEY `code` (`code`);

--
-- Indexes for table `pr_designations`
--
ALTER TABLE `pr_designations`
  ADD PRIMARY KEY (`id`);

--
-- Indexes for table `pr_menus`
--
ALTER TABLE `pr_menus`
  ADD PRIMARY KEY (`id`);

--
-- Indexes for table `pr_modules`
--
ALTER TABLE `pr_modules`
  ADD PRIMARY KEY (`id`),
  ADD KEY `id` (`id`);

--
-- Indexes for table `pr_roles`
--
ALTER TABLE `pr_roles`
  ADD PRIMARY KEY (`id`);

--
-- Indexes for table `pr_roles_rights`
--
ALTER TABLE `pr_roles_rights`
  ADD PRIMARY KEY (`id`),
  ADD KEY `submenu_id` (`submenu_id`),
  ADD KEY `role_id` (`role_id`);

--
-- Indexes for table `pr_submenu_functions`
--
ALTER TABLE `pr_submenu_functions`
  ADD PRIMARY KEY (`id`),
  ADD KEY `sub_menu_id` (`sub_menu_id`),
  ADD KEY `module_id` (`module_id`),
  ADD KEY `module_id_2` (`module_id`);

--
-- Indexes for table `pr_sub_menus`
--
ALTER TABLE `pr_sub_menus`
  ADD PRIMARY KEY (`id`),
  ADD KEY `menu_id` (`menu_id`);

--
-- Indexes for table `pr_users`
--
ALTER TABLE `pr_users`
  ADD PRIMARY KEY (`id`),
  ADD UNIQUE KEY `user_id` (`user_id`);

--
-- Indexes for table `pr_users_costcentres`
--
ALTER TABLE `pr_users_costcentres`
  ADD PRIMARY KEY (`id`),
  ADD KEY `user_id` (`user_id`),
  ADD KEY `costcentre_code` (`costcentre_code`);

--
-- Indexes for table `pr_users_departments`
--
ALTER TABLE `pr_users_departments`
  ADD PRIMARY KEY (`id`),
  ADD KEY `user_id` (`user_id`),
  ADD KEY `department_code` (`department_code`);

--
-- Indexes for table `pr_users_designations`
--
ALTER TABLE `pr_users_designations`
  ADD PRIMARY KEY (`id`),
  ADD KEY `user_id` (`user_id`),
  ADD KEY `designation_id` (`designation_id`);

--
-- Indexes for table `pr_users_roles`
--
ALTER TABLE `pr_users_roles`
  ADD PRIMARY KEY (`id`),
  ADD KEY `role_id` (`role_id`),
  ADD KEY `user_id` (`user_id`);

--
-- Indexes for table `pr_user_submenu_function_rights`
--
ALTER TABLE `pr_user_submenu_function_rights`
  ADD PRIMARY KEY (`id`),
  ADD KEY `submenu_function_id` (`submenu_function_id`),
  ADD KEY `user_id` (`user_id`);

--
-- AUTO_INCREMENT for dumped tables
--

--
-- AUTO_INCREMENT for table `pr_cost_centres`
--
ALTER TABLE `pr_cost_centres`
  MODIFY `id` int(11) NOT NULL AUTO_INCREMENT, AUTO_INCREMENT=5;
--
-- AUTO_INCREMENT for table `pr_departments`
--
ALTER TABLE `pr_departments`
  MODIFY `id` int(11) NOT NULL AUTO_INCREMENT, AUTO_INCREMENT=6;
--
-- AUTO_INCREMENT for table `pr_designations`
--
ALTER TABLE `pr_designations`
  MODIFY `id` int(11) NOT NULL AUTO_INCREMENT, AUTO_INCREMENT=5;
--
-- AUTO_INCREMENT for table `pr_menus`
--
ALTER TABLE `pr_menus`
  MODIFY `id` int(11) NOT NULL AUTO_INCREMENT, AUTO_INCREMENT=13;
--
-- AUTO_INCREMENT for table `pr_modules`
--
ALTER TABLE `pr_modules`
  MODIFY `id` int(11) NOT NULL AUTO_INCREMENT, AUTO_INCREMENT=7;
--
-- AUTO_INCREMENT for table `pr_roles`
--
ALTER TABLE `pr_roles`
  MODIFY `id` int(11) NOT NULL AUTO_INCREMENT, AUTO_INCREMENT=6;
--
-- AUTO_INCREMENT for table `pr_roles_rights`
--
ALTER TABLE `pr_roles_rights`
  MODIFY `id` int(11) NOT NULL AUTO_INCREMENT, AUTO_INCREMENT=67;
--
-- AUTO_INCREMENT for table `pr_submenu_functions`
--
ALTER TABLE `pr_submenu_functions`
  MODIFY `id` int(11) NOT NULL AUTO_INCREMENT, AUTO_INCREMENT=58;
--
-- AUTO_INCREMENT for table `pr_sub_menus`
--
ALTER TABLE `pr_sub_menus`
  MODIFY `id` int(11) NOT NULL AUTO_INCREMENT, AUTO_INCREMENT=36;
--
-- AUTO_INCREMENT for table `pr_users`
--
ALTER TABLE `pr_users`
  MODIFY `id` int(11) NOT NULL AUTO_INCREMENT COMMENT 'auto increment', AUTO_INCREMENT=7;
--
-- AUTO_INCREMENT for table `pr_users_costcentres`
--
ALTER TABLE `pr_users_costcentres`
  MODIFY `id` int(11) NOT NULL AUTO_INCREMENT, AUTO_INCREMENT=45;
--
-- AUTO_INCREMENT for table `pr_users_departments`
--
ALTER TABLE `pr_users_departments`
  MODIFY `id` int(11) NOT NULL AUTO_INCREMENT, AUTO_INCREMENT=41;
--
-- AUTO_INCREMENT for table `pr_users_designations`
--
ALTER TABLE `pr_users_designations`
  MODIFY `id` int(11) NOT NULL AUTO_INCREMENT, AUTO_INCREMENT=43;
--
-- AUTO_INCREMENT for table `pr_users_roles`
--
ALTER TABLE `pr_users_roles`
  MODIFY `id` int(11) NOT NULL AUTO_INCREMENT, AUTO_INCREMENT=17;
--
-- AUTO_INCREMENT for table `pr_user_submenu_function_rights`
--
ALTER TABLE `pr_user_submenu_function_rights`
  MODIFY `id` int(11) NOT NULL AUTO_INCREMENT, AUTO_INCREMENT=273;
--
-- Constraints for dumped tables
--

--
-- Constraints for table `pr_submenu_functions`
--
ALTER TABLE `pr_submenu_functions`
  ADD CONSTRAINT `pr_submenu_functions_ibfk_1` FOREIGN KEY (`sub_menu_id`) REFERENCES `pr_sub_menus` (`id`) ON DELETE NO ACTION ON UPDATE NO ACTION,
  ADD CONSTRAINT `pr_submenu_functions_ibfk_2` FOREIGN KEY (`module_id`) REFERENCES `pr_modules` (`id`) ON DELETE NO ACTION ON UPDATE NO ACTION;

--
-- Constraints for table `pr_sub_menus`
--
ALTER TABLE `pr_sub_menus`
  ADD CONSTRAINT `pr_sub_menus_ibfk_1` FOREIGN KEY (`menu_id`) REFERENCES `pr_menus` (`id`) ON DELETE NO ACTION ON UPDATE NO ACTION;

--
-- Constraints for table `pr_users_costcentres`
--
ALTER TABLE `pr_users_costcentres`
  ADD CONSTRAINT `pr_users_costcentres_ibfk_1` FOREIGN KEY (`user_id`) REFERENCES `pr_users` (`user_id`) ON DELETE NO ACTION ON UPDATE NO ACTION,
  ADD CONSTRAINT `pr_users_costcentres_ibfk_2` FOREIGN KEY (`costcentre_code`) REFERENCES `pr_cost_centres` (`code`) ON DELETE NO ACTION ON UPDATE NO ACTION;

--
-- Constraints for table `pr_users_departments`
--
ALTER TABLE `pr_users_departments`
  ADD CONSTRAINT `pr_users_departments_ibfk_1` FOREIGN KEY (`user_id`) REFERENCES `pr_users` (`user_id`) ON DELETE NO ACTION ON UPDATE NO ACTION,
  ADD CONSTRAINT `pr_users_departments_ibfk_2` FOREIGN KEY (`department_code`) REFERENCES `pr_departments` (`code`) ON DELETE NO ACTION ON UPDATE NO ACTION;

--
-- Constraints for table `pr_users_designations`
--
ALTER TABLE `pr_users_designations`
  ADD CONSTRAINT `pr_users_designations_ibfk_1` FOREIGN KEY (`user_id`) REFERENCES `pr_users` (`user_id`) ON DELETE NO ACTION ON UPDATE NO ACTION,
  ADD CONSTRAINT `pr_users_designations_ibfk_2` FOREIGN KEY (`designation_id`) REFERENCES `pr_designations` (`id`) ON DELETE NO ACTION ON UPDATE NO ACTION;

--
-- Constraints for table `pr_users_roles`
--
ALTER TABLE `pr_users_roles`
  ADD CONSTRAINT `pr_users_roles_ibfk_1` FOREIGN KEY (`user_id`) REFERENCES `pr_users` (`user_id`) ON DELETE NO ACTION ON UPDATE NO ACTION,
  ADD CONSTRAINT `pr_users_roles_ibfk_2` FOREIGN KEY (`role_id`) REFERENCES `pr_roles` (`id`) ON DELETE NO ACTION ON UPDATE NO ACTION;

--
-- Constraints for table `pr_user_submenu_function_rights`
--
ALTER TABLE `pr_user_submenu_function_rights`
  ADD CONSTRAINT `pr_user_submenu_function_rights_ibfk_1` FOREIGN KEY (`submenu_function_id`) REFERENCES `pr_submenu_functions` (`id`) ON DELETE NO ACTION ON UPDATE NO ACTION,
  ADD CONSTRAINT `pr_user_submenu_function_rights_ibfk_2` FOREIGN KEY (`user_id`) REFERENCES `pr_users` (`user_id`) ON DELETE NO ACTION ON UPDATE NO ACTION;

/*!40101 SET CHARACTER_SET_CLIENT=@OLD_CHARACTER_SET_CLIENT */;
/*!40101 SET CHARACTER_SET_RESULTS=@OLD_CHARACTER_SET_RESULTS */;
/*!40101 SET COLLATION_CONNECTION=@OLD_COLLATION_CONNECTION */;
